prompt,A,B,C,D,E,answer,category,Function
국세기본법 및 소득세법상 납세의무의 승계와 연대납세의무에 관한 설명으로 옳지 않은 것은?,"법인이 분할되거나 분할합병된 후 분할되는 법인이 존속하는 경우 분할법인, 분할신설법인 및 분할합병의 상대방 법인은 분할등기일 이후에 분할법인에 부과되거나납세의무가 성립한 국세 및 강제징수비에 대하여 연대하여 납부할 의무가 있다.",법인이 채무자 회생 및 파산에 관한 법률 제215조에 따라 신회사를 설립하는경우기존의 법인에 부과되거나 납세의무가 성립한 국세 및 강제징수비는 신회사가 연대하여 납부할 의무를 진다.,법인이 합병한 경우 합병 후 존속하는 법인 또는 합병으로 설립된 법인은 합병으로소멸된 법인에 부과되거나 그 법인이 납부할 국세 및 강제징수비를 납부할 의무를진다.,소득세법상 공동사업자는 해당 공동 사업자별로 납세의무를 지나 주된 공동사업자에게 합산과세되는 경우에는 주된 공동사업자의 특수관계인은 손익분배비율에 해당하는 그의 소득금액을 한도로 주된 공동사업자와 연대하여 납세의무를 진다.,"법인이 분할 또는 분할합병한 후 소멸하는 경우 분할신설법인, 분할합병의 상대방법인은 분할법인에 부과되거나 분할법인이 납부하여야 할 국세 및 강제징수비에 대하여분할로 승계된 재산가액을 한도로 연대하여 납부할 의무가 있다.",A,Income Tax Law,Thoery
소득세법령상 이자소득에 포함되지 않는 것은?,국가가 발행한 채권으로서 그 원금이 물가에 연동되는 채권의 경우 해당 채권의원금증가분,국외에서 받는 예금의 이자,신용협동조합법에 따른 조합이 환매기간에 따른 사전약정이율을 적용하여 환매수하는 조건으로 매매하는 증권의 매매차익,국채를 공개시장에서 통합발행하는 경우 그 매각가액과 액면가액과의 차액,국가가 발행한 채권이 원금과 이자가 분리되는 경우 원금에 해당하는 채권의 할인액,D,Income Tax Law,Thoery
"B세무서장이 그 관할지역에 납세지를 두고 있는 주식회사 A의 법인소득금액을 경정하면서 주주인 거주자 갑을 귀속자로 하는 배당소득처분을 하고자한다.
그에 관한 설명으로 옳지 않은 것은?",처분되는 배당소득은 B세무서장이 경정일로부터 15일내에 소득금액변동통지서에따라 주식회사 A에 통지해야 한다.,주식회사 A에게 소득금액변동통지서를 송달할 수 없는 경우에는 갑에게 통지해야 한다.,주식회사 A가 소득금액변동통지서에 따라 통지를 받은 경우 주식회사 A는 그 소득금액변동통지의취소를 구하는 행정심판을 제기할 수 있다.,B 세무서장이 A 주식회사에게 소득금액변동통지서를 통지한 경우 통지 하였다는 사실을 갑에게 알려야 한다.,주식회사 A에게 소득금액변동통지서를 통지한 경우 그 통지 하였다는 사실을 甲에게알릴때에는 알리는 내용에 소득금액 변동내용을 포함하여야 한다.,E,Income Tax Law,Thoery
소득세법령상 원천징수시기에 관한 설명으로 옳지 않은 것은?,무기명주식의 이익이나 배당에 대하여는 그 지급을 한 날 소득세를 원천징수한다.,출자공동사업자의 배당소득으로서 과세기간 종료일까지 지급하지 아니한 소득은과세기간 종료일에 그 소득을 지급한 것으로 보아 소득세를 원천징수한다.,원천징수의무자가 12월분의 근로소득을 다음 연도 2월 말일까지 지급하지 아니한경우에는 그 근로소득을 다음 연도 2월 말일에 지급한 것으로 보아 소득세를 원천징수한다.,퇴직소득을 지급하여야 할 원천징수의무자가 1월부터 11월까지의 사이에 퇴직한 사람의퇴직소득을 해당 과세기간의 12월 31일까지 지급하지 아니한 경우에는 그 퇴직소득을12월31일에 지급한 것으로 보아 소득세를 원천징수한다.(공적연금 관련법에 따라 받는 일시금아님),법인세 과세표준을 신고하면서 법인세법에 따라 처분되는 기타소득에 대하여는신고일 또는 수정신고일에 그 기타소득을 지급한 것으로 보아 소득세를 원천징수한다.,B,Income Tax Law,Thoery
소득세법령상 기타소득에 관한 설명으로 옳지 않은 것은? (서화ㆍ골동품의 양도로 발생하는 소득은 고려하지 아니함),"이자소득, 배당소득, 사업소득, 근로소득, 연금소득, 퇴직소득 및 양도소득외의 소득이어야 한다.",노동조합업무종사자로서 근로시간면제자가 노동조합 및 노동관계 조정법상의 근로시간면제한도를 초과하는 범위에서 지급받는 급여는 기타소득에 해당한다.,특정 소득이 기타소득으로 법령에 열거된 것 중 어떤 소득에 해당하는지 여부는기타소득금액에 영향을 미치지 아니한다.,뇌물은 위법소득이지만 기타소득으로 과세된다.,종교인소득에 대하여 근로소득으로 원천징수한 경우에는 해당소득을 근로소득으로본다.,C,Income Tax Law,Thoery
소득세법령상 양도소득과세표준 예정신고 및 결정․경정에 관한설명으로 옳지 않은 것은?,건물을 양도(부담부증여 아님)한 경우에는 그 양도일이 속하는 달의 말일부터 2개월내에 예정신고를 하여야 한다.,법령상의 토지거래계약에 관한 허가구역에 있는 토지를 양도할 때 토지거래계약허가(허가를 받은 후 허가구역 지정이 해제됨)를 받기 전에 대금을 청산한 경우에는그허가일이 속하는 달의 말일부터 2개월 내에 예정신고를 하여야 한다.,해당 과세기간에 누진세율의 적용대상 자산에 대한 예정신고를 2회 이상 하는 경우에는이미 신고한 양도소득금액과 합산하여 신고하여야 한다.,납세지 관할 세무서장 또는 지방국세청장은 예정신고를 하여야 할 자가 그 신고를하지아니한 경우에는 해당 거주자의 양도소득과세표준과 세액을 결정한다,건물을 부담부증여하는 경우 부담부증여의 채무액에 해당하는 부분으로서 양도로보는경우에는 그 양도일이 속하는 달의 말일부터 3개월 내에 예정신고를 하여야 한다.,C,Income Tax Law,Thoery
소득세법령상 거주자 갑이 배우자 및 직계존비속이 아닌 특수관계인에게 2023. 3. 1.에 자산을 증여한 후 그 자산을 증여받은 자가 그 증여일부터 10년이내에 다시 타인에게 양도한 경우에 관한 설명으로 옳은 것은?,"갑이 그 자산을 직접 양도한 것으로 보되, 특수관계인이 증여세를 납부한다는 점을 고려하여 양도차익 계산시 취득가액은 증여시의 가액으로 한다.",갑이 자산을 직접 양도한 것으로 보는 경우 그 양도소득에 대해서는 갑과 증여받은자가 연대하여 납세의무를 진다.,갑에게 양도소득세가 과세되는 경우에는 수증자가 당초 증여받은 자산에 대하여납부한 증여세는 필요경비에 산입한다.,양도소득이 수증자에게 실질적으로 귀속된 경우에도 갑이 그 자산을 직접 양도한것으로 본다.,특수관계인이 그 자산을 양도한 것으로 보되 양도차익 계산시 취득가액은 甲의취득당시 가액으로 한다,B,Income Tax Law,Thoery
"주식회사 A는 제3기 사업연도(2014.1.1.～12.31.)의 매출기록을조작하는 방식으로 매출을 일부 누락하여 법인세를 신고, 납부하였다. 그 사실을알게 된 과세관청은 2021.2.2. 주식회사 A에게 법인세 부과처분을 함과 동시에 익금에산입한 금액의 사외유출 귀속처가 불분명하다고 보아 대표이사인 갑에게 상여로 소득처분함을 내용으로 하는 소득금액 변동 통지를 하였다. 이에 관한 설명으로 옳지 않은 것은? (다툼이 있으면 판례에 따름)",소득처분 관련 갑의 소득세 납세의무의 성립시기는 2014년이 끝나는 때이다.,갑이 사외유출된 금액이 자신에게 귀속되지 아니하였다는 점만을 입증하였다면 소득세납세의무를 면할 수 없다.,주식회사 A에 대한 소득금액변동통지는 행정소송의 대상이 될 수 있는 “처분”에 해당한다.,"갑이 스스로 부정행위를 하지 아니하였고 2014년 과세기간 귀속 소득의 소득세 신고를법정신고기한까지 한 경우라면, 갑에 대한 소득세 부과제척기간의 만료일은 2020.5.31.이다",갑에 대한 소득세 부과제척기간이 도과 하였다면 주식회사 A에 대한 소득금액변동통지는위법하다.,B,Income Tax Law,Thoery
소득세법상 결손금 또는 이월결손금에 관한 설명으로 옳은 것은?,"사업소득금액을 계산할 때 발생한 결손금은 이자소득금액, 배당소득금액, 근로소득금액, 연금소득금액, 기타소득금액에서 순서대로 공제한다.",부동산임대업(주거용 건물 임대업 포함)에서 발생한 결손금은 종합소득 과세표준을계산할 때 공제하지 않는다,부동산임대업을 제외한 일반업종 사업소득에서 발생한 결손금은 부동산임대업에서발생한 소득금액이 있는 경우에도 그 부동산임대업의 소득금액에서 공제하지 않는다.,"소득금액을 추계신고하는 경우에는 이월결손금 공제규정을 적용하지 않는다. 다만, 천재지변으로 장부가 멸실되어 추계신고를 하는 경우라면 이월결손금 공제규정을적용한다.",해당 과세기간 중 발생한 결손금과 이월결손금이 모두 존재하는 경우에는 이월결손금을 먼저 소득금액에서 공제한다.,D,Income Tax Law,Thoery
소득세법상 부당행위계산 부인에 관한 설명으로 옳지 않은 것은?,필요경비의 크기에 대하여 입증을 요구하지 않는 소득인 근로소득과 연금소득은부당행위계산 부인의 대상이 되는 소득으로 규정되어 있지 않다.,배당소득과 이자소득은 필요경비가 인정되지 않는 소득이다. 따라서 배당소득과이자소득 전체는 부당행위계산 부인의 대상이 되는 소득으로 규정되어 있지 않다.,과세표준의 계산과정이 세법의 규정대로 이루어지는 퇴직소득은 부당행위계산 부인의대상이 되는 소득으로 규정되어 있지 않다.,직계존비속에게 주택을 무상으로 사용하게 하고 직계존비속이 그 주택에 실제로거주하는 경우는 부당행위계산 부인의 대상에서 제외된다.,제조업 영위 개인사업자가 여유자금을 인출하여 부친에게 무상으로 대여한 경우에는부당행위계산 부인의 대상이 되지 않으나 부친으로부터 높은 이자율(시가의 2배)로사업자금을 차입하여 그 이자를 필요경비에 산입한 경우에는 부당행위계산 부인의대상이 된다.,C,Income Tax Law,Thoery
"다음은 2021년도 거주자 갑의 금융소득에 관한 자료이다. 종합과세할 배당소득금액은? (단, 원천징수는 적법하게 이루어졌으며 제시된 금액은원천징수 전의 금액이다. 주어진 자료 외의 사항은 고려하지 않음)
1. 내국법인 A가 이익잉여금을 자본전입함에 따라 지급받은 무상주의 액면가액 5,000,000원
2. 내국법인 B가 주식발행초과금을 자본전입함에 따라 지급받은 무상주의액면가액 6,000,000원(자기주식에 배정되지 못하여 재배정함에 따라 지분율이증가된 금액 2,000,000원 포함)
3. 소득세법 시행령 제26조의2제1항에 의한 집합투자기구(사모집합투자기구가 아님)로부터 받은 이익금 5,000,000원(증권시장에 상장된 제조업 영위내국법인 주식의 매매차익 2,000,000원 포함)
4. 국내은행으로부터 받은 이자 12,000,000원","8,220,000원","10,220,000원","10,550,000원","12,220,000원","22,220,000원",C,Income Tax Law,Calculate
"2021년도 거주자 갑의 기타소득과 관련된 자료는 다음과 같다. 종합과세할 기타소득금액은? (단, 원천징수는 적법하게 이루어졌으며 제시된 금액은원천징수 전의 금액이다. 주어진 자료 외의 사항은 고려하지 않음)
1. 주택입주 지체상금 수령액: 3,000,000원
2. 공익사업을 위한 토지 등의 취득 및 보상에 관한 법률에 따른 공익사업과 관련하여 지상권을 대여함으로써 받은 금액: 15,000,000원
3. 과세대상이 되는 서화를 반복적으로 판매함으로써 얻은 소득: 200,000,000원(단, 이와 관련하여 사업장을 갖추거나 사업자등록을 하지는 않았으며, 서화의 보유기간은 10년 미만이다.)
4. 위 소득과 관련하여 확인된 필요경비는 없다.","3,600,000원","4,200,000원","6,600,000원","7,200,000원","36,600,000원",B,Income Tax Law,Calculate
근로소득에 관한 설명으로 옳지 않은 것은?,대기업의 종업원이 주택의 구입에 소요되는 자금을 무상으로 대여 받음으로써얻는이익은 근로소득에 포함된다.,공무원이 공무수행과 관련하여 국가로부터 받는 상금과 사기업체 종업원이 법에따라받는 직무발명보상금은 연 500만원까지 비과세한다.,"일용근로자가 아닌 근로자의 경우 총급여액에서 공제하는 근로소득공제는 연간 2,000 만원을 한도로 한다.",법인세법에 따라 처분된 인정상여의 귀속시기는 그 법인의 결산확정일이 아닌 근로자가 해당 사업연도 중 근로를 제공한 날로 한다.,근로를 제공하고 받은 대가라 하더라도 독립된 지위에서 근로를 제공하였다면그대가는 근로소득으로 보지 않는다.,A,Income Tax Law,Thoery
연금소득에 관한 설명으로 옳은 것은?,공적연금의 경우 2002.1.1.(과세기준일) 이후부터 과세로 전환되었으므로 연금수령액중 과세연금액은 ‘과세기준일 이후 기여금 납입월수’가 ‘총 기여금 납입월수’에서차지하는 비율에 따라서 분할하여 계산한다.,연금계좌에서 인출하는 금액이 연금수령요건을 충족한 경우 퇴직연금계좌 인출액이든연금저축계좌 인출액이든 연금소득공제를 적용한다.,사망할 때까지 연금수령하는 종신계약에 따라 받는 연금소득의 경우 3%의 원천징수세율을 적용한다.,연금계좌에서 일부 금액이 인출되는 경우 인출순서는 이연퇴직소득 → 과세제외금액 → 연금계좌세액공제를 받은 납입액과 운용수익 순서로 인출되는 것으로 한다.,이연퇴직소득을 연금수령하는 경우로서 실제수령연차가 10년을 초과하는 경우 원천징수세율은 연금외수령 원천징수세율의 60%가 된다.,D,Income Tax Law,Thoery
양도소득세의 과세대상이 아닌 것은?,지상권의 양도로 발생하는 소득,지역권의 양도로 발생하는 소득,등기된 부동산임차권의 양도로 발생하는 소득,한국토지주택공사 발행 주택상환사채의 양도로 발생하는 소득,가액을 별도로 평가하지 않고 토지ㆍ건물과 함께 양도하는 이축권(개발제한구역내의건축물을 법에 따른 취락지구 등으로 이축할 수 있는 권리)의 양도로 발생하는소득,B,Income Tax Law,Thoery
소득세법 제16조 제1항 제10호에서 규정하는 직장공제회 초과반환금에관한 설명으로 옳지 않은 것은?,소득세법령이 정하는 직장공제회 초과반환금은 이자소득에 해당한다.,과세대상이 되는 초과반환금에는 반환금에서 납입공제료를 뺀 금액인 “납입금 초과이익”만이 아니라 반환금 분할지급 시 발생하는 “반환금 추가이익”도 포함된다.,직장공제회 초과반환금은 종합소득 과세표준에 합산하지 않는다.,“납입금 초과이익”에 대한 산출세액은 소득세법 제63조 제1항에서 규정하는 방식(연분연승 방식)에 따른다.,“반환금 추가이익”에 대한 산출세액은 해당 추가이익에 금융소득에 대한 원천징수세율인 14%의 세율을 적용하여 계산한다.,C,Income Tax Law,Thoery
소득세법상 결손금 또는 이월결손금에 관한 설명으로 옳은 것은?,"사업소득금액을 계산할 때 발생한 결손금은 이자소득금액, 배당소득금액, 근로소득금액, 연금소득금액, 기타소득금액에서 순서대로 공제한다.",부동산임대업(주거용 건물 임대업 포함)에서 발생한 결손금은 종합소득 과세표준을계산할 때 공제하지 않는다.,부동산임대업을 제외한 일반업종 사업소득에서 발생한 결손금은 부동산임대업에서발생한 소득금액이 있는 경우에도 그 부동산임대업의 소득금액에서 공제하지 않는다.,"소득금액을 추계신고하는 경우에는 이월결손금 공제규정을 적용하지 않는다. 다만, 천재지변으로 장부가 멸실되어 추계신고를 하는 경우라면 이월결손금 공제규정을적용한다.",해당 과세기간 중 발생한 결손금과 이월결손금이 모두 존재하는 경우에는 이월결손금을 먼저 소득금액에서 공제한다.,D,Income Tax Law,Thoery
소득세법상 부당행위계산 부인에 관한 설명으로 옳지 않은 것은?,필요경비의 크기에 대하여 입증을 요구하지 않는 소득인 근로소득과 연금소득은부당행위계산 부인의 대상이 되는 소득으로 규정되어 있지 않다.,배당소득과 이자소득은 필요경비가 인정되지 않는 소득이다. 따라서 배당소득과이자소득 전체는 부당행위계산 부인의 대상이 되는 소득으로 규정되어 있지 않다.,과세표준의 계산과정이 세법의 규정대로 이루어지는 퇴직소득은 부당행위계산 부인의대상이 되는 소득으로 규정되어 있지 않다.,직계존비속에게 주택을 무상으로 사용하게 하고 직계존비속이 그 주택에 실제로거주하는 경우는 부당행위계산 부인의 대상에서 제외된다.,제조업 영위 개인사업자가 여유자금을 인출하여 부친에게 무상으로 대여한 경우에는부당행위계산 부인의 대상이 되지 않으나 부친으로부터 높은 이자율(시가의 2배)로사업자금을 차입하여 그 이자를 필요경비에 산입한 경우에는 부당행위계산 부인의대상이 된다.,B,Income Tax Law,Thoery
"다음은 2021년도 거주자 갑의 금융소득에 관한 자료이다. 종합과세할 배당소득금액은? (단, 원천징수는 적법하게 이루어졌으며 제시된 금액은원천징수 전의 금액이다. 주어진 자료 외의 사항은 고려하지 않음)
1. 내국법인 A가 이익잉여금을 자본전입함에 따라 지급받은 무상주의 액면가액 5,000,000원
2. 내국법인 B가 주식발행초과금을 자본전입함에 따라 지급받은 무상주의액면가액 6,000,000원(자기주식에 배정되지 못하여 재배정함에 따라 지분율이증가된 금액 2,000,000원 포함)
3. 소득세법 시행령 제26조의2 제1항에 의한 집합투자기구(사모집합투자기구가 아님)로 부터 받은 이익금 5,000,000원(증권시장에 상장된 제조업 영위내국법인 주식의 매매차익 2,000,000원 포함)
4. 국내은행으로부터 받은 이자 12,000,000원","8,220,000원","10,220,000원","10,550,000원","12,220,000원","22,220,000원",B,Income Tax Law,Calculate
"2021년도 거주자 갑의 기타소득과 관련된 자료는 다음과 같다. 종합과세할 기타소득금액은? (단, 원천징수는 적법하게 이루어졌으며 제시된 금액은원천징수 전의 금액이다. 주어진 자료 외의 사항은 고려하지 않음)
1. 주택입주 지체상금 수령액: 3,000,000원
2. 공익사업을 위한 토지 등의 취득 및 보상에 관한 법률에 따른 공익사업과 관련하여 지상권을 대여함으로써 받은 금액: 15,000,000원
3. 과세대상이 되는 서화를 반복적으로 판매함으로써 얻은 소득: 200,000,000원(단, 이와 관련하여 사업장을 갖추거나 사업자등록을 하지는 않았으며, 서화의 보유기간은 10년 미만이다.)
4. 위 소득과 관련하여 확인된 필요경비는 없다.","3,600,000원","4,200,000원","6,600,000원","7,200,000원","36,600,000원",C,Income Tax Law,Calculate
근로소득에 관한 설명으로 옳지 않은 것은?,대기업의 종업원이 주택의 구입에 소요되는 자금을 무상으로 대여 받음으로써 얻는 이익은 근로소득에 포함된다.,공무원이 공무수행과 관련하여 국가로부터 받는 상금과 사기업체 종업원이 법에따라받는 직무발명보상금은 연 500만원까지 비과세한다.,"일용근로자가 아닌 근로자의 경우 총급여액에서 공제하는 근로소득공제는 연간 2,000만원을 한도로 한다.",법인세법에 따라 처분된 인정상여의 귀속시기는 그 법인의 결산확정일이 아닌 근로자가 해당 사업연도 중 근로를 제공한 날로 한다.,근로를 제공하고 받은 대가라 하더라도 독립된 지위에서 근로를 제공하였다면그대가는 근로소득으로 보지 않는다.,B,Income Tax Law,Thoery
"다음은 거주자 갑의 2022년 금융거래에서 발생한 소득 관련 자료이다. 갑의 종합소득금액에 합산할 이자소득금액과 배당소득금액의 합계액은? (단, 원천징수는 적법하게 이루어졌으며 제시된 금액은 원천징수 전의 금액이다. 주어진 자료 외의 다른 사항은 고려하지 않음)
1. 국내 상장법인으로부터 받은 현금배당: 8,000,000원
2. 공개시장에서 통합발행한 국채의 매각가액과 액면가액의 차액: 6,000,000원3. 국내은행으로부터 받은 정기예금이자: 3,000,000원
4. 외국법인이 발행한 채권의 이자: 7,000,000원
5. 비영업대금의 이익: 5,000,000원　
6. 법인과세 신탁재산으로부터 받는 배당금: 3,000,000원","23,330,000원","23,880,000원","26,660,000원","26,880,000원","32,880,000원",C,Income Tax Law,Calculate
"다음은 중소기업인 주식회사 A에 경리과장으로 근무하는 거주자갑의 2022년 근로소득 관련 자료이다. 갑의 소득세법상 총급여액은? (단, 갑은 주식회사 A의 발행주식총수의 2%의 주식을 소유하고 있다. 주어진 자료 외의 다른 사항은고려하지 않음)
1. 기본급과 상여: 50,000,000원
2. 시간외근무수당: 8,000,000원
3. 주식회사 A의 소유주택을 무상으로 제공받음으로써 얻은 이익: 5,000,000원4. 식사대: 2,400,000원 (월 200,000원×12개월, 주식회사 A로부터 식사 기타 음식물을 제공받지 않음)
5. 갑의 8세 아들의 보육과 관련하여 주식회사 A로부터 지급받은 보육수당: 1,200,000원(월 100,000원×12개월)
6. 발명진흥법에 따라 주식회사 A로부터 받은 직무발명보상금: 8,000,000원","60,400,000원","62,200,000원","63,400,000원","64,600,000원","68,400,000원",C,Income Tax Law,Calculate
소득세법령상 납세의무 등에 관한 설명으로 옳지 않은 것은?,비거주자는 국내에 거소를 둔 기간이 183일이 되는 날에 거주자가 된다.,비거주자는 법령에 따른 납세지가 변경된 경우 변경된 날부터 15일 이내에 그변경후의 납세지 관할 세무서장에게 신고하여야 한다.,거주자의 사업소득에 대한 소득세 납세지는 주된 사업장 소재지로 한다.,신탁재산에 귀속되는 소득의 수익자가 특별히 정하여지지 아니한 경우에는 그 신탁재산에 귀속되는 소득은 위탁자에게 귀속되는 것으로 본다.,거주기간을 계산할 경우 국내에 거소를 둔 기간은 입국하는 날의 다음날부터 출국하는날까지로 한다.,C,Income Tax Law,Thoery
소득세법령상 양도소득에 관한 설명으로 옳은 것은?,도시개발법에 따른 환지처분으로 지목이 변경되는 경우는 양도로 본다.,국가가 시행하는 사업으로 인하여 교환하는 농지로서 교환하는 쌍방 토지가액의 차액이가액이 큰 편의 1/5인 농지의 교환으로 발생하는 소득은 양도소득세가 비과세된다.,파산선고에 의한 처분으로 발생하는 소득은 양도소득세가 과세된다.,취득에 관한 쟁송이 있는 자산에 대하여 그 소유권을 확보하기 위하여 직접 소요된소송비용으로서 그 지출한 연도의 각 종합소득금액의 계산에 있어서 필요경비에산입된 것은 양도차익 계산시 공제된다.,양도소득세 과세대상인 신탁 수익권을 양도한 경우 양도일이 속하는 반기의 말일부터 2개월 이내에 양도소득과세표준을 신고해야 한다.,B,Income Tax Law,Thoery
소득세법령상 과세표준의 확정신고와 납부에 관한 설명으로 옳은 것은?,공적연금소득만 있는 거주자는 해당 소득에 대해 과세표준확정신고를 해야 한다.,과세표준확정신고를 하여야 할 거주자가 출국하는 경우에는 출국일이 속하는 과세기간의 과세표준을 출국일 전날까지 신고하여야 한다.,해당 과세기간의 종합소득금액이 있는 거주자가 종합소득과세표준이 없는 경우에는 종합소득 과세표준 확정신고 의무가 없다.,세무사가 성실신고확인대상사업자에 해당하는 경우에도 자신의 사업소득금액의적정성에 대하여 해당 세무사가 성실신고확인서를 작성ㆍ제출할 수 있다.,거주자로서 과세표준의 확정신고에 따라 납부할 세액이 1천8백만원인 자는 9백만원을납부기한이 지난 후 90일 이내에 분납할 수 있다.,B,Income Tax Law,Thoery
소득세법령상 원천징수에 관한 설명으로 옳지 않은 것은?,일용근로자의 근로소득에 대한 원천징수세율은 100분의 6으로 한다.,근로소득을 지급하여야 할 원천징수의무자가 1월부터 11월까지의 근로소득을 해당과세기간의 12월 31일까지 지급하지 아니한 경우에는 그 근로소득을 12월 31일에지급한 것으로 보아 소득세를 원천징수한다.,법인이 합병한 경우에 합병으로 설립된 법인은 합병으로 소멸된 법인이 원천징수를하여야 할 소득세를 납부하지 아니하면 그 소득세에 대한 납세의무를 진다.,연말정산 사업소득을 지급하는 원천징수의무자는 연말정산일이 속하는 달의 다음달말일까지 원천징수영수증을 해당 사업자에게 발급하여야 한다.,법령으로 정하는 봉사료에 대한 원천징수세율은 10/100으로 한다.,E,Income Tax Law,Thoery
소득세법령상 사업소득의 수입시기에 관한 설명으로 옳지 않은것은?,제품의 판매: 그 제품을 인도한 날,제품의 위탁판매: 수탁자가 그 위탁품을 판매한 날,무인판매기에 의한 판매: 당해 사업자가 무인판매기에서 현금을 인출하는 때,한국표준산업분류상의 금융보험업에서 발생하는 이자: 결산을 확정할 때 이자를수익으로 계상한 날,"어음의 할인: 그 어음의 만기일로 하되, 만기 전에 그 어음을 양도하는 때에는 그 양도일",D,Income Tax Law,Thoery
소득세법령상 퇴직소득에 관한 설명으로 옳은 것은?,종교관련종사자가 현실적인 퇴직을 원인으로 종교단체로부터 지급받는 소득은 퇴직소득에 해당한다.,과학기술인공제회법 제16조 제1항 제3호에 따라 지급받는 과학기술발전장려금은퇴직소득에 해당하지 않는다.,계속근로기간 중에 근로자퇴직급여보장법에 따라 퇴직연금제도가 폐지되어퇴직급여를 미리 지급받는 경우에도 그 지급받은 날에 퇴직한 것으로 보지 않는다.,거주자의 퇴직소득금액에 국외원천소득이 합산되어 있는 경우로서 외국에서 납부한외국소득세액이 퇴직소득산출세액에서 공제할 수 있는 한도금액을 초과하는 경우그초과하는 금액은 이월공제기간으로 이월하여 그 이월된 과세기간의 공제한도금액내에서 공제받을 수 있다.,국민연금법에 따라 받는 일시금으로써 2001년 12월 31일 이전에 납입된 연금기여금 및 사용자부담금을 기초로 하여 받은 일시금은 퇴직소득에 해당한다.,A,Income Tax Law,Thoery
"거주자 갑의 2024년 금융거래 관련 자료이다. 갑의 종합소득금액에 합산할 소득세법령상 이자소득금액과 배당소득금액의 합계액은? (단, 원천징수가 필요한 경우 원천징수는 적법하게 이루어졌으며, 제시된 금액은 원천징수 전의 금액이다. 주어진 자료 외의 다른 사항은 고려하지 않음)

1. 국내은행으로부터 예금이자 5,000,000원을 지급받았다.
2. 대통령령으로 정하는 국내 공모투자신탁 환매이익 12,000,000원(회사채 양 도차손 3,000,000원, 코스닥시장 상장법인주식 양도차익 10,000,000원, 비상 장법인주식 양도차익 5,000,000원으로 구성됨)이 발생하였다. 환매이익은 투자신탁이 직접 취득한 자산의 거래나 평가로 발생한 것이다.
3. 장내파생상품인 KOSPI200선물의 거래로 10,000,000원의 이익이 발생하였다.
4. 대통령령으로 정하는 파생결합사채에서 6,000,000원의 이익이 발생하였다.
5. 유가증권시장 상장법인으로부터 현금배당금 15,000,000원을 지급받았다.
6. 2018년에 가입한 저축성보험(종신형 연금보험 아님)에서 만기보험금 50,000,000원을 일시금으로 수령하였다. 갑이 납입한 총 보험료는 40,000,000원이다.","28,800,000원","38,000,000원","39,500,000원","48,000,000원","49,500,000원",C,Income Tax Law,Calculate
"거주자 갑(나이 60세)의 2024년 연금소득 관련 자료이다. 갑의 소득 세법령상 연금소득에 대한 원천징수세액은?

1. 2017.10.1.에 금융회사의 연금저축계좌에 가입한 후 2023.9.30.까지 6년간 매 월 연금보험료를 납입하였다. 연금보험료 총납입액은 50,000,000원이며, 총 납입액 중 연금계좌세액공제를 받지 아니한 금액은 5,500,000원이다.
2. 2024.1.1.에 연금수령개시를 신청하였고, 2024년 연금저축계좌에서 연금으로 인출한 금액은 18,000,000원으로 의료목적, 천재지변이나 그 밖에 부득이한 사유등 대통령령으로 정하는 요건을 갖추어 인출한 것은 아니다.
3. 연금수령개시 신청일 현재 연금저축계좌의 평가액은 70,000,000원이며, 평가 액 중 운용수익은 20,000,000원이다.
4. 갑의 연금저축계좌는 대통령령으로 정하는 연금계좌 등 요건을 충족하고 있 으며, 종신형 연금저축계좌는 아니다.
5. 주어진 자료 외의 다른 사항은 고려하지 않는다.","250,000원","525,000원","625,000원","750,000원","1,875,000원",A,Income Tax Law,Calculate
소득세법령상 이자소득과 배당소득의 수입시기에 관한 설명으로 옳지 않은 것은?,잉여금의 처분에 의한 배당: 당해 법인의 과세기간 종료일,통지예금의 이자: 인출일,저축성보험의 보험차익: 보험금 또는 환급금의 지급일(기일전에 해지하는 경우에는 그 해지일),무기명주식의 이익이나 배당: 그 지급을 받은 날,"법인세법에 의하여 처분된 배당: 당해 법인의 당해 사업연도의 결산확정일
",A,Income Tax Law,Thoery
소득세법령상 납세지에 관한 설명으로 옳지 않은 것은?,"거주자의 소득세 납세지는 그 주소지로 하되, 주소지가 없는 경우에는 그 거소지로 한다.",납세조합이 그 조합원의 사업소득에 대한 소득세를 징수하는 경우 그 소득세의 납세 지는 그 납세조합의 소재지로 한다.,비거주자가 납세관리인을 둔 경우 그 비거주자의 소득세 납세지는 그 국내사업장의 소재지 또는 그 납세관리인의 주소지나 거소지 중 납세관리인이 대통령령으로 정하는 바에 따라 그 관할 세무서장에게 납세지로서 신고하는 장소로 한다.,국내에 주소가 없는 공무원의 소득세 납세지는 그 가족의 생활근거지 또는 소속기관 의 소재지로 한다.,거주자는 납세지가 변경된 경우에는 변경된 날부터 30일 이내에 그 변경 전의 납세지 관할 세무서장에게 신고하여야 한다.,E,Income Tax Law,Thoery
소득세법령상 국외자산 양도에 대한 양도소득세에 관한 설명으로 옳은 것은?,국외자산 양도에 대한 양도소득세 납세의무자는 해당 자산의 양도일까지 계속 10년 이상 국내에 주소를 둔 거주자만 해당한다.,외국법인이 발행한 주식의 양도로 발생하는 소득은 국외자산 양도소득의 범위에 포함 된다,국외자산 양도소득이 국외에서 외화를 차입하여 취득한 자산을 양도하여 발생하는 소득으로서 환율변동으로 인하여 외화차입금으로부터 발생하는 환차익을 포함하고 있는 경우에는 해당 환차익을 양도소득의 범위에 포함한다.,"국외자산 양도차익을 계산함에 있어서는 양도가액 및 필요경비를 수령하거나 지출한 날 현재 외국환거래법에 의한 기준환율 또는 재정환율에 의하여 계산한다.
",국외소재 토지로서 보유기간이 3년 이상인 경우 국외자산 양도소득금액 계산시 장기 보유특별공제액을 공제한다.,D,Income Tax Law,Thoery
소득세법령상 비거주자의 납세의무에 관한 설명으로 옳지 않은 것은?,거주자는 주소 또는 거소의 국외 이전을 위하여 출국하는 날에 비거주자가 된다.,비거주자에 대하여 과세하는 소득세는 해당 국내원천소득을 종합하여 과세하는 경우 와 분류하여 과세하는 경우 및 그 국내원천소득을 분리하여 과세하는 경우로 구분하여 계산한다.,비거주자가 국내에 사업의 전부 또는. 일부를 수행하는 고정된 장소를 가지고 있는 경우에는 국내사업장이 있는 것으로 한다.,비거주자가 고용인을 통하여 용역을 제공하는 장소로서 용역이 계속 제공되는 12개월 중 합계 6개월을 초과하는 기간 동안 용역이 수행되는 장소는 비거주자의 국내사업장에 포함된다.,비거주자 종합과세 시 과세표준과 세액을 계산하는 경우 자녀세액공제는 적용하지 않는다.,A,Income Tax Law,Thoery
소득세법령상 소득금액 계산의 특례에 관한 설명으로 옳은 것은?,피상속인의 소득금액에 대한 소득세로서 상속인에게 과세할 것과 상속인의 소득금액 에 대한 소득세는 합산하여 계산하여야 한다.,연금계좌의 가입자가 사망하였으나 그 배우자가 연금외수령 없이 해당 연금계좌를 상 속으로 승계하는 경우에는 해당 연금계좌에 있는 피상속인의 소득금액은 피상속인의 소득금액으로 보아 소득세를 계산한다.,"주거용 건물임대업에서 발생하는 결손금은 종합소득 과세표준을 계산할 때 공제하지 아니한다.
","납세지 관할 세무서장 또는 지방국세청장은 이자소득, 사업소득 또는 기타소득이 있 는 거주자의 행위 또는 계산이 그 거주자와 특수관계인과의 거래로 인하여 그 소득에 대한 조세 부담을 부당하게 감소시킨 것으로 인정되는 경우에는 그 거주자의 행위 또 는 계산과 관계없이 해당 과세기간의 소득금액을 계산할 수 있다.",사업소득이 발생하는 사업을 공동으로 경영하고 그 손익을 분배하는 공동사업의 경우에는 해당 사업을 경영하는 장소를 1거주자로 보아 공동사업장별로 그 소득금액을 계산한다.,E,Income Tax Law,Thoery
"소득세법령상 비과세소득은 모두 몇 개인가?
1. 사업소득 중 논을 작물 생산에 이용하게 함으로써 발생하는 소득
2. 기타소득 중 골동품을 미술관에 양도함으로써 발생하는 소득
3. 근로소득 중 사용자로부터 식사 기타 음식물을 제공받는 근로자가 받는 월 20만원의 식사대
4. 근로소득 중 국민건강보험법 에 따라 사용자가 부담하는 보험료",1개,2개,3개,4개,0개,C,Income Tax Law,Thoery
국세기본법령상 납세의무의 성립과 확정에 관한 설명으로 옳은 것은?,"원천징수하는 소득세, 법인세를 납부할 의무의 성립시기는 과세기간이 끝나는 때이다.",과세표준신고서를 법정신고기한까지 제출한 자가 하는 국세의 수정신고는 당초의 신 고에 따라 확정된 과세표준과 세액을 감액하여 확정하는 효력을 가진다.,"교통, 에너지, 환경세는 납세의무가 성립하는 때에 특별한 절차 없이 그 세액이 확정 된다","납세의무가 확정된 소득, 수익, 재산, 행위 또는 거래에 대해서는 그 납세의무가 성립 될 당시의 세법에 따라 과세한다.",상속세 및 증여세는 납세의무자가 과세표준과 세액을 정부에 신고했을 때에 확정된다.,D,National Tax Law,Thoery
국세기본법령상 국세의 부과제척기간과 국세징수권의 소멸시효에 관한 설명으로 옳은 것은?,"국세의 부과제척기간과 관련하여, 세무서장은 국세기본법 상 경정청구가 있는 경우 경정청구일부터 1년이 지나기 전까지 경정이나 그 밖에 필요한 처분을 할 수 있다.","국세징수권의 소멸시효와 관련하여, 법정 신고납부기한이 연장되는 경우 그 연장된 기한의 마지막 날을 국세징수권을 행사할 수 있는 때로 본다.","국세의 부과제척기간의 기산일과 관련하여, 공제세액등을 의무불이행 등의 사유로 징 수하는 경우 해당 사유가 발생한 날을 국세를 부과할 수 있는 날로 한다.",체납자가 국외에 6개월 이상 계속 체류하는 경우 국세징수권의 소멸시효는 해당 국외 체류 기간이 지난 때부터 새로 진행한다.,국세징수법상 압류금지재산을 압류했다는 사유로 압류를 즉시 해제하는 경우 국세 징수권의 소멸시효는 위 압류해제까지의 기간이 지난 때부터 새로 진행한다.,C,National Tax Law,Thoery
국세기본법령상 심사와 심판에 관한 설명으로 옳지 않은 것은?,"조세심판관합동회의는 구성원 과반수의 출석으로 개의하고, 출석위원 과반수의 찬성 으로 의결한다.",동일한 처분에 대해서 심사청구와 심판청구를 같은 날 제기한 경우 심사청구를 각하 하는 결정을 한다.,"이의신청, 심사청구 또는 심판청구 모두 해당 재결청이 처분의 집행 또는 절차속행의 전부 또는 일부의 정지를 결정할 수 있다.",심판청구금액이 5천만원(지방세의 경우는 2천만원) 미만인 것으로 유사한 청구에 대하여 이미 조세심판관회의의 의결에 따라 결정된 사례가 있는 것은 조세심판관회의의 심리를 거치지 아니하고 주심조세심판관이 심리하여 결정할 수 있다.,"재조사결정에 따른 처분청의 처분에 대해서는 해당 재조사 결정을 한 재결청에 대하여 심사청구 또는 심판청구를 제기할 수도 있고, 심사청구 또는 심판청구를 거치지 아니하고 행정소송을 제기할 수도 있다.",A,National Tax Law,Thoery
"국세기본법령상 세무조사에 관한 설명으로 옳지 않은 것은?
","세무공무원은 과세전적부심사의 재조사 결정에 의한 조사를 마친 경우 조사결과를 납세자에게 설명하고, 이를 서면으로 통지하여야 한다.","세무공무원은 장부기록 및 회계처리의 투명성 등 납세성실도를 검토하여 더 이상 조사할 사항이 없다고 판단될 때에는 조사기간 종료 전이라도 조사를 조기에 종결할 수 있다.
",과세관청 외의 기관이 직무상 목적을 위해 작성하거나 취득하여 과세관청에 제공한 자료의 처리를 위해 조사하는 경우 같은 세목 및 같은 과세기간에 대하여 재조사를 할 수 있다.,"납세자가 세무공무원에게 직무와 관련하여 금품을 제공하거나 금품제공을 알선한 경우 세무공무원은 조사 목적에 필요한 최소한의 범위에서 납세자, 소지자 또는 보관자 등 정당한 권한이 있는 자가 임의로 제출한 장부등을 납세자의 동의를 받아 세무관서에 일시 보관할 수 있다.",세무공무원은 과세관청의 조사결정에 의하여 과세표준과 세액이 확정되는 세목의 경우 과세표준과 세액을 결정하기 위하여 세무조사를 할 수 있다.,A,National Tax Law,Thoery
"국세징수법령상 납부고지, 독촉 등에 관한 설명으로 틀린 것은?",관할 세무서장은 납세자로부터 국세를 징수하려는 경우 납부고지를 하는 날부터 30일 이내의 범위로 납부하여야 할 기한을 적은 납부고지서를 납세자에게 발급하여야 한다.,납부고지서의 송달이 지연되어 도달한 날부터 14일 이내에 지정납부기한이 도래하는 경우 당초의 지정납부기한의 마지막 날부터 14일이 지난 날을 새로운 지정납부기한으로 한다.,관할 세무서장은 이미 납세의무가 확정된 국세를 납부기한 전에 징수하는 경우 당초의 납부기한보다 단축된 기한을 정하여 납세자에게 납부고지를 하여야 한다.,"관할 세무서장은 납세자가 국세를 지정납부기한까지 완납하지 아니하여 독 촉장을 발급하는 경우, 독촉을 하는 날부터 20일 이내의 범위에서 기한을 정하여 발급한다.",관할 세무서장이 세액을 분할하여 납부고지하는 것은 납부고지의 유예에 포함된다.,B,Tax Collection Law,Thoery
국세징수법령상 공매에 관한 설명으로 옳은 것은?,공매의 매수신청인은 문서로 매수신청을 해야 한다.,세무공무원은 제3자의 계산으로 압류재산을 매수할 수 있다.,"공매재산에 설정된 모든 질권, 저당권 및 가등기담보권은 매수인이 인수한다.",관할 세무서장은 최고가 매수신청인이 다른 법령에 따라 갖추어야 하는 자격을 갖추 지 못한 경우에는 매각결정기일을 1회에 한정하여 당초 매각결정기일부터 10일 이내 의 범위에서 연기할 수 있다.,"관할세무서장은 특정금융거래 정보의 보고 및 이용 등에 관한 법률에 따른 가상자산사업자를 통해 거래 되는 가상자산을 압류한 경우 가상자산사업자를 통하지 않고 직 접 공매할 수 있다.
",D,Tax Collection Law,Thoery
국세징수법령상 납세증명서 등 제도에 관한 설명으로 옳은 것은?,관할 세무서장은 지급명세서 등 금융거래에 관한 정보를 체납자의 재산조회와 강제징수를 위하여 사용할 수 없다.,법원의 결정으로 감치에 처하여진 체납자는 동일한 체납 사실로 인하여 다시 감치될 수 있다.,상가건물에 대해 보증금을 2천만원으로 하는 임대차계약을 체결한 임차인은 임대차 기간이 시작하는 날까지 임대인의 동의 없이 임대인의 미납국세 등의 열람을 관할 세무서장에게 신청할 수 있다.,관할 세무서장은 허가등을 받아 사업을 경영하는 자가 해당 사업과 관련된 부가가치세를 2회 체납했고 그 체납된 금액의 합계액이 2천만원인 경우 해당 주무관청에 사업 의 정지 또는 허가등의 취소를 요구할 수 있다.,"국세청장은 체납 발생일부터 1년이 지난 국세의 합계액이 1억원인 경우 체납자의 인적사항 및 체납액 등을 공개할 수 있다.
",C,Tax Collection Law,Thoery
"조세범 처벌법의 내용에 관한 설명으로 옳은 것은?
",조세범 처벌법에서 “조세”란 관세와 국세를 말한다.,타인이 조세특례제한법에 따른 근로장려금을 거짓으로 신청할 수 있도록 근로를 제공받지 아니하고 근로소득 지급명세서를 거짓으로 기재하여 세무서에 제출한 자와 위 행위를 알선하거나 중개한 자는 같은 형에 처한다.,부가가치세법 에 따라 세금계산서를 발급 받아야 할 자가 통정하여 세금계산서를 발급받지 아니하거나 거짓으로 기재한 세금계산서를 발급받은 경우 정상(情狀)에 따라 징역형과 벌금형을 병과할 수 있다.,"인지세법에 따라 첨부한 종이문서용 전자수입인지를 재사용한 자는 1년 이하의 징역 또는 1천만원 이하의 벌금에 처한다.
",부가가치세법에 따라 세금계산서를 발급하여야 할 자가 세금계산서를 발급하지 아니한 경우 2년 이하의 징역 또는 공급가액에 부가가치세의 세율을 적용하여 계산한 세액의 2배 이하에 상당하는 벌금에 처한다.,B,Tax Punishment Law,Thoery
조세범 처벌법상 4년의 징역에 처하는 것이 불가능한 경우는?,"석유판매업자가 석유류를 조세특례제한법 에서 정한 용도 외의 다른 용도로 사용, 판매하여 조세를 포탈한 경우",상습적으로 사기나 그 밖의 부정한 행위로써 조세를 포탈했고 포탈세액이 5억원인 경우,"석유 및 석유 대체 연료 사업법에따른 가짜 석유 제품을 제조 또는판매하여 조세를 포탈한 경우
",세무를 대리하는 세무사가 재화 또는 용역을 공급하지 아니하거나 공급받지 아니하고 부가가치세법 에 따른 세금계산서를 발급하는 행위를 알선한 경우,"국제조세조정에 관한 법률상 해외금융계좌정보의 비밀유지 의무 등을 위반한 경우
",A,Tax Punishment Law,Thoery
법인세법령상 소득처분에 관한 설명으로 옳지 않은 것은?,"특례기부금 및 일반기부금의 손금산입한도액을 초과하여 익금에 산입한 금액은 기타 사외유출로 소득처분한다.
","추계에 따라 결정된 과세표준과 내국법인의 재무상태표상의 당기순이익과의 차액(법인 세상당액을 공제하지 않은 금액)은 대표자에 대한 이익처분에 의한 상여로 한다. 다만, 천재지변 등으로 장부나 그 밖의 증명서류가 멸실되어 추계하는 경우에는 이를 기타사외유출로 소득처분한다.
","내국법인이 국세기본법 상 수정신고 기한내에 매출누락, 가공경비 등 부당하게 사외유 출된 금액을 회수하고 세무조정으로 익금에 산입하여 신고하는 경우의 소득처분은 사내 유보로 한다. 다만, 세무공무원이 과세자료의 수집 또는 민원 등을 처리하기 위하여 현 지출장이나 확인업무에 착수한 경우로서 경정이 있을 것을 미리 알고 사외유출된 금액 을 익금산입하는 경우에는 사내유보로 소득처분하지 않는다.",사외유출된 금액의 귀속이 불분명한 경우에 법령에서 정하는 대표자에게 귀속된 것으로 보아 처분한 경우 당해 법인이 그 처분에 따른 소득세 등을 대납하고 이를 손비로 계상 하거나 그 대표자와의 특수관계가 소멸될 때까지 회수하지 아니함에 따라 익금에 산입 한 금액은 기타사외유출로 소득처분한다.,대표자상여 처분시 사업연도중에 대표자가 변경된 경우 대표자 각인에게 귀속된 것이 분명한 금액은 이를 대표자 각인에게 구분하여 처분하고 귀속이 분명하지 아니한 경우 에는 사업연도말 현재 재직하고 있는 대표자에게 상여로 처분한다.,E,Corporate Tax Law,Thoery
"법인세의 각 사업연도 소득금액 계산상 손금에 산입하는 항목은 모두 몇 개인가?

1. 국민건강보험법 에 따라 징수하는 연체금
산업재해보상보험료의 연체금
2. 산업재해보상보험료의 가산금
3. 전기요금의 납부지연으로 인한 연체가산금
4. 업무와 관련하여 발생한 교통사고 벌과금
5. 한국은행법 에 따라 금융기관이 한국은행에 납부하는 과태금
6. 보세구역에 보관되어 있는 수출용 원자재가 관세법 상의 장치기간 경과로 국고귀속이 확정된 자산의 가액",2개,3개,4개,5개,6개,B,Corporate Tax Law,Thoery
"제조업을 영위하는 영리내국법인 (주)A가 제5기 과세기간(2024.1.1. ∼12.31.) 중 자본금전입시 과세되지 아니하는 잉여금인 주식발행초과금 200,000,000원을 재원으로 하여 무상증자를 시행하였다. 자기주식에 배정할 무상 주를 (주)B, (주)C, (주)D에 교부한 경우(사례1)와 교부하지 않은 경우(사례2)의 의제배당금액의 차이(사례1 금액에서 사례2 금액을 차감한 금액)를 (주)B, (주)C, (주)D별로 각각 계산한 것으로 옳은 것은? (단, 총 계산 결과치는 원단위 미만은 절사하며, 주어진 자료 외에는 고려하지 않음)

1. 무상증자 직전 (주)A의 총 발행주식수는 100,000주이고 발행가액은 주당 5,000원(액면가액 주당 500원)이며 자본금은 50,000,000원이다.
2. 무상증자 직전의 (주)A의 주주구성
주주 보유주식수
(주)A(자기주식) 20,000주
(주)B 30,000주
(주)C 40,000주
(주)D 10,000주","(주)B: 714,286원, (주)C: 952,381원, (주)D: 238,096원","(주)B: 1,714,286원, (주)C: 1,952,381원, (주)D: 1,238,096원","(주)B: 2,000,000원, (주)C: 3,000,000원, (주)D: 1,000,000원","(주)B: 3,000,000원, (주)C: 4,000,000원, (주)D: 1,000,000원","(주)B: 4,000,000원, (주)C: 5,000,000원, 
(주)D: 2,000,000원",D,Corporate Tax Law,Calculate
"제조업을 영위하는 중소기업이 아닌 (주)A의 제5기(2024.1.1.∼ 12.31.) 기업업무추진비에 관한 내용이다. 기업업무추진비에 관한 세무조정(소득 처분 포함)으로 옳은 것은? (단, 주어진 자료 외에는 고려하지 않음

1. 제5기의 기업업무추진비의 총 지출액은 56,000,000원이며 이 중 지출증빙이 없는 금액 8,000,000원, 지출증빙은 있으나 세금계산서 등 적격증명서류가 없는 6,000,000원(모두 건당 3만원 초과이고 영수증 수취분)이 포함되어 있 다. 이외에는 모두 적격증명서류를 갖추고 있다.
2. 적격증명서류를 수취한 부분 중 경조금은 없다.
3. 당기 기업회계기준에 따라 계산한 매출액은 12,000,000,000원이며 이 중
4,500,000,000원은 특수관계인인 (주)B와의 거래에서 발생한 수입금액이다.","손금불산입 8,000,000원(대표자상여), 손금불산입 12,350,000원(기타사외유출)","손금불산입 8,000,000원(대표자상여), 손금불산입 6,350,000원(기타사외유출)","손금불산입 14,000,000원(대표자상여), 손금불산입 8,150,000원(기타사외유출)","손금불산입 14,000,000원(대표자상여), 손금불산입 12,350,000원(기타사외유출)","손금불산입 8,000,000원(대표자상여), 손금불산입 14,150,000원(기타사외유출)",A,Corporate Tax Law,Calculate
국세기본법령상 납세의무가 성립하는 때에 특별한 절차 없이 그 세액이 확정되는 국세가 아닌 것은?,인지세,원천징수하는 소득세 또는 법인세,납세조합이 징수하는 소득세,"중간예납하는 법인세(세법에 따라 정부가 조사, 결정하는 경우로 한정한다)","원천징수 등 납부지연가산세(납부고지서에 따른 납부기한 후의 가산세로 한정한다)
",D,National Tax Law,Thoery
"국세징수법령상 고액, 상습체납자에 대하여 행할 수 있는 사항으로 옳지 않은 것은?",관할 세무서장은 체납 발생일부터 1년이 지난 국세의 합계액이 2억원 이상인 경우에 체납자의 수입물품에 대한 강제징수를 세관장에게 위탁할 수 있다.,국세청장은 체납 발생일부터 1년이 지난 국세의 합계액이 2억원 이상인 경우에 체납 자의 인적사항 및 체납액 등을 공개할 수 있으나 체납된 국세와 관련하여 심판청구가 계속 중인 경우에는 공개할 수 없다.,국세청장은 체납 발생일부터 1년이 지난 국세의 합계액이 2억원 이상인 경우에 체납자의 주소 또는 거소를 관할하는 지방검찰청 또는 지청의 검사에게 체납자의 감치(監置)를 신청할 수 있다.,법원의 결정으로 30일의 범위에서 체납된 국세가 납부될 때까지 체납자를 감치(監置)에 처 할 수 있으며 감치의 집행 중에 체납된 국세를 납부한 경우 감치집행을 종료하여야 한다.,"국세청장은 정당한 사유 없이 5천만원 이상의 국세를 체납한자 중 명단이 공개된 고액, 상습체납자로서 관할 세무서장이 압류, 공매, 담보 제공, 보증인의 납세보증서 등 으로 조세채권을 확보할 수 없고, 강제징수를 회피할 우려가 있다고 인정하는 사람에 대하여 법무부장관에게 출국금지를 요청하여야 한다.",C,National Tax Law,Thoery
국세기본법 및 소득세법상 납세의무의 승계와 연대납세 의무에 관한 설명으로 옳지 않은 것은?,"법인이 분할되거나 분할합병된 후 분할되는 법인이 존속하는 경우 분할법인, 분할신설법인 및 분할합병의 상대방 법인은 분할등기일 이후에 분할법인에 부과되거나 납세 의무가 성립한 국세 및 강제징수비에 대하여 연대하여 납부할 의무가 있다.",법인이 채무자 회생 및 파산에 관한 법률 제215조에 따라 신회사를 설립하는 경우 기존의 법인에 부과되거나 납세의무가 성립한 국세 및 강제징수비는 신회사가 연대하여 납부할 의무를 진다.,법인이 합병한 경우 합병 후 존속하는 법인 또는 합병으로설립된법인은합병으로 소멸된 법인에 부과되거나 그 법인이 납부할 국세 및 강제징수비를 납부할 의무를 진다.,소득세법상 공동사업자는 해당 공동사업자별로 납세의무를 지나 주된 공동사업자에게 합산과세되는 경우에는 주된 공동사업자의 특수관계인은 손익분배비율에 해당하는 그의 소득금액을 한도로 주된 공동사업자와 연대하여 납세의무를 진다.,"법인이 분할 또는 분할합병한 후 소멸하는 경우 분할신설법인, 분할합병의 상대방 법인은 분할법인에 부과되거나 분할법인이 납부하여야 할 국세 및 강제징수비에 대하여 분할로 승계된 재산가액을 한도로 연대하여 납부할 의무가 있다.",A,National Tax Law,Thoery
국세기본법상 심사청구에 관한 설명으로 옳지 않은 것은?,국세청장은 국세심사위원회 의결이 법령에 명백히 위반된다고 판단하는 경우 구체적인 사유를 적어 서면으로 국세심사위원회로 하여금 한 차례에 한정하여 다시 심의할 것을 요청할 수 있다.,심사청구는 천재 등으로 인한 기한의 연장사유에 해당되어 정한 기간에 심사청구를 할 수 없을 때에는 그 사유가 소멸한 날부터 14일 이내에 심사청구를 할 수 있다.,"심사청구의 보정요구를 받은 심사청구인은 보정할 사항을 서면으로 작성하여 국세청장에게 제출하거나, 국세청에 출석하여 보정할 사항을 말하고 그 말한 내용을 국세청 소속 공무원이 기록한 서면에 서명 또는 날인함으로써 보정할 수 있다.","심사청구인은 송부받은 의견서에 대하여 항변하기 위하여 국세청장에게 증거서류나 증거물을 제출할 수 있으며, 국세청장이 요구하는 경우 정한 기한까지 해당 증거서류 또는 증거물을 제출하여야 한다.",심사청구의 대상이 되는 처분으로 권리나 이익을 침해당하지 않는 경우에는 그 심사청구가 이유 없다고 인정되므로 청구인의 주장을 받아들이지 아니하는 기각결정을 한다.,E,National Tax Law,Thoery
국세징수법상 압류한 재산을 수의계약으로 매각할 수 있는 경우가 아닌 것은?,공매가 공익을 위하여 적절하지 아니한 경우,제1회 공매 후 1년간 5회 이상 공매하여도 매각되지 아니한 경우,"부패, 변질 또는 감량되기 쉬운 재산으로서 속히 매각하지 아니하면 그 재산가액이 줄어들 우려가 있는 경우
",압류한 재산의 추산가격이 1천만원 미만인 경우,수의계약으로 매각하지 아니하면 매각대금이 체납된 세액 이하가 될 것으로 예상되는 경우,E,Tax Collection Law,Thoery
국세징수법상 압류에 관한 설명으로 옳지 않은 것은?,납부기한 전 징수에 따라 납부고지를 받고 단축된 기한까지 국세를 완납하지 아니한 경우에는 독촉없이 압류한다.,채권 압류의 효력은 채권 압류 통지서가 체납자에게 송달된 때에 발생한다.,체납자 또는 제3자가 압류재산의 사용 또는 수익을 하는 경우 그 재산의 매각으로 인하여 권리를 이전하기 전까지 이미 거두어들인 천연과실에 대해서는 압류의 효력이 미치지 아니한다;,"세무공무원은 제3자가 제3자의 주거에 체납자의 재산을 감춘 혐의가 있다고 인정되는 경우 제3자의 주거를 수색할 수 있고, 해당 주거의 폐쇄된 문, 금고를 직접 열 수 있다.",관할세무서장은 체납자가 국가의 재산을 매수한 경우 소유권이 전전이라도 그 재산에 관한 체납자의 국가에 대한 권리를 압류한다.,B,Tax Collection Law,Thoery
국세징수법령상 납부기한의 연장과 납부고지의 유예에 관한 설명 으로 옳지 않은 것은?,납세자가 납부기한의 만료일 10일 전까지 납부기한 연장 신청을 하였으나 관할 세무 서장이 그 신청일부터 10일 이내에 승인 여부를 통지하지 아니한 경우에는 신청일부 터 10일이 되는 날에 그 신청을 승인한 것으로 본다.,"납세자가 도난으로 재산에 심한 손실을 입은 경우는 납부기한의 연장사유에 해당하나 세무사법에 따라 납세자의 장부 작성을 대행하는 세무사가 해당 납세자의 장부를 도난당한 경우는 해당하지 아니한다.
",관할 세무서장은 납부고지의 유예를 신청받은 경우 납부고지 예정인 국세의 납부하여야 할 기한의 만료일까지 납세자에게 납부고지 유예의 승인 여부를 통지하여야 한다.,관할 세무서장은 납부기한의 연장을 하는 경우 그 연장과 관계되는 금액에 상당하는 납세담보의 제공을 요구할 수 있으나 납세자가 재난 또는 도난으로 재산에 심한 손실 을 입은 경우에는 그러하지 아니하다.,관할세무서장은 납부고지의 유예를 한 후 해당 납세자인법인의 해산으로 그 유예한 기한까지 유예와 관계되는 국세의 전액을 징수할 수 없다고 인정되는 경우 그 납부고지의 유예를 취소하고 유예와 관계되는 국세를 한꺼번에 징수할 수 있다.,B,Tax Collection Law,Thoery
국세기본법령상 국세환급금과 국세환급가산금에 관한 설명으로 옳지 않은 것은?,국세환급금을 충당할 경우에는 체납된 국세 및 강제징수비에 우선 충당해야 하므로 납세자가 납부고지에 따라 납부하는 국세에 충당하는 것을 신청한 경우에도 체납된 국세 및 강제징수비에 우선 충당해야 한다.,원천징수의무자가 원천징수하여 납부한 세액에서 환급받을 환급세액이 있는 경우 그 원천징수의무자가 그 환급액을 즉시 환급해 줄 것을 요구하는 경우에는 즉시 환급한다.,"국세환급금의 소멸시효는 세무서장이 납세자의 환급청구를 촉구하기 위하여 납세자에 게 하는 환급청구의 안내, 통지 등으로 인하여 중단되지 아니한다.","세무서장은 국세환급금에 관한 권리의 양도 요구가 있는 경우에 양도인 또는 양수인 이 납부할 국세 및 강제징수비가 있으면 그 국세 및 강제징수비에 충당하고, 남은 금 액에 대해서는 양도의 요구에 지체 없이 따라야 한다.",납세자가상속세를물납한후그부과의전부또는일부를취소하거나감액하는경정 결정에 따라 환급하는 경우에는 해당 물납재산으로 환급하여야 한다. 이 경우 국세환 급가산금은 지급하지 아니한다.,A,National Tax Law,Thoery
조세범처벌법에 관한 설명으로 옳지 않은 것은?,납세의무자로 하여금 과세표준의 신고(신고의 수정을 포함)를 하지 아니하게 하거나 거짓으로 신고하게 한 자 또는 조세의 징수나 납부를 하지 않을 것을 선동하거나 교 사한 자는 1년 이하의 징역 또는 1천만원 이하의 벌금에 처한다.,"사기나 그 밖의 부정한 행위로써 조세를 포탈하거나 조세의 환급, 공제를 받은 자에 대해서는 정상(情狀)에 따라 징역형과 벌금형을 병과할 수 있다.","조세범처벌법에 따른 범칙행위에 대해서는 국세청장, 지방국세청장 또는 세무서 장의 고발이 없으면 검사는 공소를 제기할 수 없다.","이중장부의 작성 등 장부의 거짓 기장으로 조세를 포탈하거나 조세의 환급,공제받는 범칙행위를 한 자에 대해서는 형법 제38조 제1항 제2호 중 벌금경합에 관한 제한 가중규정을 적용하지 아니한다.","조세를 포탈하기 위한 증거인멸의 목적으로 세법에서 비치하도록 하는 장부 또는 증 빙서류를 해당 국세의 법정신고기한이 지난 날부터 7년 이내에 소각, 파기 또는 은닉 한 자는 2년 이하의 징역 또는 2천만원 이하의 벌금에 처한다.",E,Tax Punishment Law,Thoery
법인세법령상 외국자회사 수입배당금액의 익금불산입에 관한 설명으로 옳은 것은?,내국법인(법령에 따른 간접투자회사등을 포함한다)이 해당 법인이 출자한 외국자회사 로부터 받은 수입배당금액은 각 사업연도의 소득금액을 계산할 때 익금에 산입하지 아니한다.,내국법인이 수입배당금을 익금불산입할 수 있는 외국자회사란 내국법인이 의결권 있는 발행주식총수의 100분의 1을 초과하여 출자하고 있는 외국법인을 말한다.,국제조세조정에 관한 법률에 따라 특정외국법인의 유보소득에 대하여 내국법인이 배당받은 것으로 보는 금액에 대해서는 각 사업연도의 소득금액을 계산할 때 익금에 산입하지 아니한다.,내국법인이 적격합병에 따라 다른 내국법인이 보유하고 있던 외국자회사의 주식등을 승계받은 때에는 그 승계 전 다른 내국법인이 외국자회사의 주식등을 취득한 때부터 해당 주식등을 보유한 것으로 본다.,혼성금융상품의 거래에 따라 내국법인이 지급받는 수입배당금액은 각 사업연도의 소 득금액을 계산할 때 익금에 산입하지 않는다.,D,Corporate Tax Law,Thoery
법인세법상 성실신고확인서 제출에 관한 설명으로 옳지 않은 것은?,주식회사 등의 외부감사에 관한 법률에 따라 감사인에 의한 감사를 받은 내국법 인은 성실신고확인서를 제출하지 아니할 수 있다.,성실신고확인 대상인 내국법인이 법령에 따라 성실신고확인서를 제출하는 경우에는 각 사업연도의 종료일이 속하는 달의 말일부터 4개월 이내에 그 사업연도의 소득에 대한 법인세의 과세표준과 세액을 납세지 관할 세무서장에게 신고하여야 한다.,소득세법에 따른 성실신고확인대상사업자가 사업용자산을 현물출자하여 내국법인으로 전환한 경우 그 내국법인은 법인으로 전환한 후 5년 동안 성실신고확인서를 제출해야 한다.,성실신고확인서 제출 불성실 가산세를 적용할 때 법령에 따른 경정으로 산출세액이 0보다 크게 된 경우에는 경정된 산출세액을 기준으로 가산세를 계산한다.,성실신고확인서 제출 불성실 가산세는 산출세액이 없는 경우에도 적용한다.,C,Corporate Tax Law,Thoery
법인세법상 비영리법인의 각 사업연도의 소득에 대한 법인세에 관한 설명으로 옳은 것은?,비영리내국법인의 각 사업연도의 소득에는 고유목적사업에 직접 사용하는 자산의 처분으로 인한 모든 수입을 포함한다.,비영리내국법인의 고유목적사업준비금을 손비로 계상한 경우에는 그 계상한 고유목적 사업준비금을 이후 연속하는 3개 사업연도의 산출세액에서 순차적으로 차감한다.,수익사업을 하는 비영리내국법인은 유형자산인 토지의 양도로 인하여 발생하는 소득 이 있는 경우에 과세표준 신고를 하지 아니한다.,"수익사업을 하는 비영리내국법인은 장부의 기록, 보관 불성실 가산세의 적용을 받지 않는다.","비영리법인이 수익사업을 하는 경우에는 자산, 부채 및 손익을 그 수익사업에 속하는 것과 수익사업이 아닌 그 밖의 사업에 속하는 것을 각각 다른 회계로 구분하여 기록 하지 않을 수 있다.",D,Corporate Tax Law,Thoery
법인세법령상 지급이자의 손금불산입에 관한 설명으로 옳지 않은 것은?,소득세법에 따른 채권의 이자 중 그 지급 받은자가 불분명한 것으로 서채권의 이자를 당해 채권의 발행법인이 직접 지급하는 경우 그 지급사실이 객관적으로 인정되 지 아니하는 이자는 내국법인의 각 사업연도의 소득금액을 계산할 때 손금에 산입하지 아니한다.,거래일 현재 주민등록표에 의하여 그 거주사실 등이 확인된 채권자가 차입금을 변제 받은 후 소재불명이 된 경우의 차입금에 대한 이자는 채권자가 불분명한 사채의 이자에서 제외한다.,특정차입금에 대한 지급이자등은 건설등이 준공된 날이 속하는 사업연도 종료일까지 이를 자본적 지출로 하여 그 원본에 가산한다.,"특정차입금의 연체로 인하여 생긴 이자를 원본에 가산한 경우 그가산한 금액은 이를 해당 사업연도의 자본적 지출로 하고, 그 원본에 가산한 금액에 대한 지급이자는 이를 손금으로 한다.",국민연금법에 의하여 근로자가 지급받은 것으로 보는 퇴직금전환금(당해 근로자 가 퇴직할 때까지의 기간에 상당하는 금액에 한한다)은 특수관계인에게 해당 법인의 업무와 관련 없이 지급한 가지급금등에서 제외한다.,C,Corporate Tax Law,Thoery
부가가치세법상 부가가치세 과세대상에 해당하는 것은?,사업자가 자기의 사업과 관련하여 사업장 내에서 그 사용인에게 음식용역을 무상으로 제공하는 경우,공급받을 자의 해약으로 인하여공급할 자가 재화 또는 용역의 공급없이 위약금 또는 이와 유사한 손해배상금을 받는 경우,선주와 하역회사 간의 계약으로 하역회사의 선적지연으로 인하여 선주가 하역회사로 부터 체선료를 받는 경우,"사업자가 자기의 사업과 관련하여 생산하거나 취득한 재화를 자기의 과세사업과 관련 한 사후 무료서비스를 제공하기 위하여 사용, 소비하는 경우","사업자가 자기의 고객 중 추첨을 통하여 당첨된 자에게 자기생산, 취득재화를 경품으로 제공하는 경우",E,Added Tax Law,Thoery
부가가치세법상 세금계산서에 관한 설명으로 옳은 것은?,처음 공급한 재화가 환입된 경우 수정세금계산서 또는 수정전자세금계산서의 작성일 에는 처음 세금계산서 작성일을 적고 붉은색 글씨를 쓰거나 음(陰)의 표시를 하여 수 정세금계산서 또는 수정전자세금계산서를 발급할 수 있다.,관할 세무서장은 개인사업자가 전자세금계산서 의무발급 개인사업자에 해당하는 경우 에는 전자세금계산서를 발급하여야 하는 기간이 시작되기 전까지 그 사실을 해당 개 인사업자에게 통지하여야 한다.,자동차운전학원 사업을 하는 일반과세자가 감가상각자산을 공급하는 경우에 그 공급 받는 사업자가 사업자등록증을 제시하고 세금계산서의 발급을 요구하면 세금계산서를 발급해야 한다.,법인사업자가 전자세금계산서를 발급하였을 때에는 전자세금계산서 발급일의 다음달 10일까지 전자세금계산서 발급명세를 국세청장에게 전송하여야 한다.,매입자발행세금계산서를 발행하려는 자는 해당 재화 또는 용역의 공급시기가 속하는 과세기간의 종료일부터 1년 이내에 거래사실확인신청서에 거래사실을 객관적으로 입증 할 수 있는 서류를 첨부하여 신청인 관할 세무서장에게 거래사실의 확인을 신청하여야 한다.,C,Added Tax Law,Thoery
부가가치세법상 부가가치세 납세의무가 없는 것은?,농민이 자기농지의 확장 또는 농지개량작업에서 생긴 토사석을 일시적으로 판매하는 경우,청산 중에 있는 내국법인이 상법에 따른 계속등기 여부에 불구하고 사실상 사업 을 계속하는 경우,새마을금고법에 따라 설립된 새마을금고가 사업상 독립적으로 부가가치세가 과세 되는 재화를 공급하는 경우,사업자가 아닌 자가 개인적으로 사용하기 위해 부가가치세가 과세되는 재화를 수입하는 경우,"농민, 어민이 부업으로 소득세가 과세되지 아니하는 민박, 음식물 판매, 특산물 제조, 전통차 제조 및 그 밖에 이와 유사한 활동을 하는 경우",A,Added Tax Law,Thoery
"다음 자료는 제조업을 영위하는 일반과세자인 (주)A가 2023년 제 2기 확정신고기간(2023.10.1.〜12.31.) 중에 공급받은 재화의 거래내역이다. (주)A의 2023년 제2기 확정신고시 부가가치세 매출세액에서 공제하는 매입세액은?
1. 국내거래처로부터 10.1.에 원자재를 구입하였으나 그에 대한 세금계산서(공급가액 60,000,000원, 부가가치세 6,000,000원)는 2024.1.10.에 발급받았다.
2. 기념품을 구입하여 거래처의 창사기념일에 증정하였다. 기념품 구입시 세금 계산서(공급가액 3,000,000원, 부가가치세 300,000원)를 발급받았다.
3. 생산직 직원들의 작업복을 구입하고 세금계산서(공급가액 5,000,000원, 부가 가치세 500,000원)를 발급받았다.
4. 종업원 명절선물을 구입하고 세금계산서(공급가액 4,000,000원, 부가가치세 400,000원)를 발급받았다.","900,000원","1,200,000원","6,500,000원","6,900,000원","7,200,000원",D,Added Tax Law,Calculate
국제조세조정에 관한 법률상 상호합의절차에 관한 설명으로 옳지 않은 것은?,거주자 또는 내국법인과 비거주자 또는 외국법인은 조세조약에 따라 우리나라와 체약 상대국 간에 조세조정이 필요한 경우에는 국세청장에게 상호합의절차의 개시를 신청 할 수 있다.,국세청장은 상호합의절차의 개시 신청을 받거나 직권으로 상호합의절차 개시를 요청 한 경우에는 기획재정부장관에게 보고하여야 한다.,기획재정부장관은 조세조약의 적용 및 해석에 관하여 체약상대국과 협의할 필요성이 있는 경우에는 직권으로 체약상대국의 권한 있는 당국에 상호합의절차 개시를 요청할 수 있다.,체약상대국의 권한 있는 당국에 상호합의절차 개시를 요청한 경우에는 상호합의절차 개시 요청일을 상호합의절차의 개시일로 한다.,상호합의절차가 개시된 경우 상호합의절차의 개시일부터 종료일까지의 기간은 국세 기본법상 불복청구기간과 불복결정기간에 산입하지 아니한다.,D,ETC,Thoery
"제조업을 영위하는 일반과세자인 (주)A의 다음 자료를 이용하여 계산한 2023년 제1기 예정신고기간(2023.1.1.〜3.31.)의 부가가치세 과세표준은? (단, 다음 자료의 금액에는 부가가치세가 포함되어 있지 않음)

2023.1.10.: 제품B를 120,000,000원에 판매하고 그 대금은 1월 말일부터 매월 말일에 10,000,000원씩 12회로 나누어 받기로 하였다.
2023.2.10.:
제품C를 100,000,000원에 주문제작판매하기로 하고 거래처와 계약을 맺었다. 계약상 그 대금은 1.계약시 10%, 2. 40% 완성시 40%, 3. 70% 완성시 30%, 4 인도시 20%를 받기로 하였다. 2023.3.31. 현재 거래처가 확인한 완성도는 40%이다.
2023.3.10.: 제품D를 제작하여 100,000,000원에 판매하기로 하고 거래처와 계약을 맺었다. 계약상 대금은 계약시 20,000,000원을 받고 잔금 80,000,000원은 2023.9.30.에 제품D를 인도하면서 받기로 하였다.","50,000,000원","80,000,000원","100,000,000원","170,000,000원","190,000,000원",D,Added Tax Law,Calculate
"다음은 음식점업(과세유흥장소 아님)을 영위하는 간이과세자 갑 의 2023년 과세기간(2023.1.1.〜12.31.)의 부가가치세 관련 자료이다. 2023년 과세 기간의 부가가치세 차감 납부할 세액(지방소비세 포함)은? (단, 세액공제를 적용 받기 위한 모든 요건을 충족함)

1. 음식점업의 공급대가는 70,000,000원이며, 이 중 신용카드매출전표 발급금 액은 30,000,000원이다.
2. 면세농수산물 구입액은 4,360,000원이며, 모두 계산서 수취분이다.
3. 식기 등 조리용품 구입액은 22,000,000원(부가가치세 2,000,000원 포함)이
며, 세금계산서를 교부받았다.
4. 주방 설비 11,000,000원(부가가치세 1,000,000원 포함)을 공급받았으며, 세
금계산서를 교부받았다.
5. 음식점업의 업종별 부가가치율은 15%이며, 2023년 예정부과기간의 고지납
부세액은 없다.
6. 전자신고세액공제는 고려하지 않는다.","135,000원","150,000원","300,000원","495,000원","510,000원",D,Added Tax Law,Calculate
부가가치세법상 영세율이 적용되지 않는 것은?,관세법에 따른 수입신고 수리 전의 물품으로서 보세구역에 보관하고 있는 물품을 외국으로 반출하는 것으로서 국내사업장에서 계약과 대가수령 등 거래가 이루어지는 것,대한민국 선박에 의하여 채집되거나 잡힌 수산물을 외국으로 반출하는 것,사업자가 국내에서 국내사업장이 없는 비거주자에게 직접 재화를 공급하고 그 대가를 외국환은행에서 원화로 받는 경우,사업자가 국외에서 건설공사를 도급받은 국내사업자로부터 해당 건설공사를 재도급받 아 국외에서 건설용역을 제공하고 그 대가를 원도급자로부터 원화로 받는 경우,"항공사업법에 따른 상업서류 송달용역
",C,Added Tax Law,Thoery
국세기본법상 세무조사에 관한 설명으로 옳지 않은 것은?,납세자에 대한 구체적인 탈세 제보가 있는 경우로서 해당 탈세혐의에 대한 확인이 필요한 사유로 인한 부분조사는 같은 세목 및 같은 과세기간에 대하여 2회를 초과하여 실시할 수 있다.,"무자료거래, 위장, 가공거래등 거래 내용이 사실과 다른 혐의가 있어 실제 거래 내용에 대한 조사가 필요한 경우에는 세무조사 기간의 제한을 받지 아니한다.",세금탈루 혐의가 포착되거나 조사 과정에서 조세범 처벌절차법에 따른 조세범칙조사를 개시하는 경우에는 세무조사 기간을 연장할 수 있다.,세무공무원은 정기선정에 의한 조사 외에 납세자에 대한 구체적인 탈세 제보가 있는 경우에는 세무조사를 할 수 있다.,세무공무원은 부분조사를 실시한 후 해당 조사에 포함되지 아니한 부분에 대하여 조 사하는 경우에는 같은 세목 및 같은 과세기간에 대하여 재조사를 할 수 있다.,A,National Tax Law,Thoery
국세기본법령상 국세환급금과 국세환급가산금에 관한 설명으로 틀린 것은?,명의대여자에 대한 과세를 취소하고 실질귀속자를 납세의무자로 하여 과세하는 경우 명의대여자 대신 실질귀속자가 납부한 것으로 확인된 금액은 실질귀속 자의 기납부세액으로 먼저 공제하고 남은 금액이 있는 경우에는 실질귀속자 에게 환급한다.,적법하게 납부된 후 법률이 개정되어 발생한 국세환급금의 국세환급가산금 기 산일은 개정된 법률의 시행일의 다음 날로 한다.,"국세환급금의 소멸시효는 세무서장이 납세자의 환급청구를 촉구하기 위하여 납세자에게 하는 환급청구의 안내, 통지로 인하여 중단되지 아니한다.",세무서장은 국세환급금으로 결정한 금액을 다른 세무서에 체납된 국세 및 강제징수비에 충당할 수 없다.,모두 정답이다.,D,National Tax Law,Thoery
국세기본법상 심판에 관한 설명으로 옳지 않은 것은?,"조세심판관회의는 담당 조세심판관 3분의 2 이상의 출석으로 개의하고, 출석조세심판관 과반수의 찬성으로 의결한다.","원장이 아닌 상임, 비상임조세심판관의 임기는 3년으로 하고 중임할 수 없다.","조세심판원장은 심판청구를 받으면 이에 관한 조사와 심리를 담당할 주심조세심판관
1명과 배석조세심판관 2명 이상을 지정하여 조세심판관회의를 구성하게 한다.",조세심판관합동회의는 조세심판원장과 상임조세심판관 모두와 상임조세심판관과 같은 수 이상으로 조세심판원장이 지정하는 비상임조세심판관으로 구성한다.,담당 조세심판관은 필요하다고 인정하면 여러 개의 심판사항을 병합하거나 병합된 심판 사항을 여러 개의 심판사항으로 분리할 수 있다.,B,National Tax Law,Thoery
국세기본법령상 과세전적부심사가 배제되는 경우가 아닌 것은?,국제조세조정에 관한 법률에 따라 조세조약을 체결한 상대국이 상호합의 절차의 개시를 요청한 경우,세법에서 규정하는 수시부과의 사유가 있는 경우,과세예고통지를 하는 날부터 국세부과 제척기간의 만료일까지의 기간이 3개월 이하인 경우,조세범 처벌법위반으로 통고처분하는 경우,모두 배제하는 경우가 맞다,E,National Tax Law,Thoery
국세징수법령상 납세담보에 관한 설명으로 옳은 것은?,양도성 예금증서는 납세담보로 제공할 수 있는 유가증권에 해당하지 않는다.,납세담보로서 금전을 제공한 자는 그 금전으로 담보한 국세 및 강제징수비를 납부할 수 없다.,납세보증보험증권은 보험기간이 납세담보를 필요로 하는 기간에 20일을 더한 기간 이상인 것으로 한정한다.,납세담보를 토지로 제공하는 경우에는 담보할 국세의 100분의 110의 가액에 상당하는 담보를 제공할 수 있다.,납세담보를 현금화한 금전으로 징수해야 할 국세 및 강제징수비를 징수하고 남은 금 전이 있는 경우 공매대금의 배분방법에 따라 배분한 후 납세자에게 지급한다.,E,Tax Collection Law,Thoery
국세징수법상 공매의 준비에 관한 설명으로 옳지 않은 것은?,공매보증에 있어 공매보증금액은 공매예정가격의 100분의 10 이상으로 한다.,"공매보증은 금전, 국공채, 증권시장에 상장된 증권, 보험업법에 따른 보험회사가 발행한 보증보험증권의 어느 하나에 해당하는 것으로 한다.",관할 세무서장은 공매재산에 압류와 관계되는 국세보다 우선하는 제한물권 등이 있는 경우 제한물권 등을 매수인에게 인수하게 하거나 매수대금으로 그 제한물권 등에 의하여 담보된 채권을 변제하는데 충분하다고 인정된 경우가 아니면 그 재산을 공매하 지 못한다.,체납자는 제3자의 명의나 계산으로 압류재산을 매수할 수 있다.,관할 세무서장은 거짓 명의로 매수신청을 한 사실이 있는 자에 대해서는 그 사실이 있은 후 2년간 공매장소 출입을 제한하거나 입찰에 참가시키지 아니할 수 있다.,D,Tax Collection Law,Thoery
국세징수법상 강제징수에 관한 설명으로 옳지 않은 것은?,관할 세무서장은 재판상의 가압류 또는 가처분 재산이 강제징수 대상인 경우에도 국세 징수법에 따른 강제징수를 한다.,체납자의 재산에 대하여 강제징수를 시작한 후 체납자인 법인이 합병으로 소멸된 경우 에도 그 재산에 대한 강제징수는 계속 진행하여야 한다.,체납자 또는 제 3자가 압류 재산의 사용 또는 수익을 하는 경우 그 재산의 매각으로 인하여 권리를 이전하기 전까지 이미 거두어들인 천연과실에 대해서는 압류의 효력이 미치지 아니한다.,"급료, 임금, 봉급, 세비, 퇴직연금 또는 그 밖에 계속적 거래관계에서 발생하는 이와 유사 한 채권에 대한 압류의 효력은 체납액을 한도로 하여 압류 후에 발생할 채권에도 미친다.",관할 세무서장은 체납자가 국가 또는 지방자치단체의 재산을 매수한 경우 소유권 이전 전 에는 그 재산에 관한 체납자의 국가 또는 지방자치단체에 대한 권리를 압류할 수 없다.,E,Tax Collection Law,Thoery
"국세징수법상 고액.상습체납자의 감치와 관련된 설명으로 괄호에 들어갈 내용으로 옳은 것은?

법원은 검사의 청구에 따라 체납자가 다음의 사유에 모두 해당하는 경우 결정으로 30일의 범위에서 체납된 국세가 납부될 때까지 그 체납자를 감치에 처할 수 있다. 1. 국세를 3회이상 체납하고 있고, 체납 발생일부터 각 1년이 경과하 였으며, 체납된 국세의 합계액이 ( )억원 이상인 경우
2. 체납된 국세의 납부능력이 있음에도 불구하고 정당한 사유 없이 체납한 경우 3. 국세기본법에 따른 국세정보위원회의 의결에 따라 해당 체납자에 대한
감치 필요성이 인정되는 경우",1,2,3,4,5,B,Tax Collection Law,Thoery
조세범 처벌법상 2년의 징역에 처하는 것이 가능한 행위는?,재화 또는 용역을 공급하지 아니하거나 공급받지 아니하고 부가가치세법에 따른 세금계산서를 발급하거나 발급받은 행위,부가가치세법에 따라 세금계산서를 발급하여야 할 자가 세금계산서를 발 급하지 아니하거나 거짓으로 기재하여 발급한 행위,"부가가치세법에 따라 매출처별 세금계산서 합계표를 제출하여야 할 자가 매출처별 세금계산서합계표를 거짓으로 기재하여 제출한 행위
",부가가치세법에 따라 매입처별 세금계산서합계표를 제출하여야 할 자가 통정하여 매입처별 세금계산서합계표를 거짓으로 기재하여 제출한 행위,모두 틀리다,A,Tax Punishment Law,Thoery
법인세법령상 가산세에 관한 설명으로 옳지 않은 것은?,신용카드 및 현금영수증 발급 불성실 가산세는 신용카드 매출전표를 사실과 다르게 발 급한 금액의 5%(건별로 계산한 금액이 5천원 미만이면 5천원으로 한다)이다.,업무용승용차 관련비용 등을 손금에 산입한 내국법인이 업무용승용차 관련비용 등에 관한 명세서를 제출하지 않은 경우 업무용승용차 관련비용 명세서 제출 불성실가산세가 적용된다.,주식등변동상황명세서를 제출해야하는 내국법인이 명세서를 제출하지 않은 경우 그 주식등의 액면금액의 1%에 해당하는 금액을 가산세로 한다.,기부금영수증을 발급하는 내국법인이 기부금영수증을 사실과 다르게 적어 발급한 경 우 사실과 다르게 발급된 금액의 5%에 해당하는 금액을 가산세로 한다.,소비자상대업종을 영위하는 법인은 그 요건에 해당하는 날이 속하는 달의 말일부터 3 개월 이내에 현금영수증 가맹점으로 가입하지 않은 경우 가입하지 않은 사업연도의 수 입금액의 3%에 해당하는 금액을 가산세로 한다.,E,Corporate Tax Law,Thoery
"조세범 처벌법 제3조의 조세 포탈 등에 관한 설명으로 옳지 않
은 것은?","포탈세액이 5억원 이상인 경우에는 3년 이하의 징역 또는 포탈세액의 3배 이하에 상당하는 벌금에 처한다.
",조세 포탈의 죄를 범한 자에 대해서는 정상(情狀)에 따라 징역형과 벌금형을 병과할 수 있다.,조세 포탈의 죄를 범한 자가 포탈세액에 대하여 국세기본법에 따라 법정신고기한 이 지난 후 6개월 이내에 기한 후 신고를 하였을 때에는 형을 감경할 수 있다.,조세포탈의죄를상습적으로범한자는형의3분의1을가중한다.,"재산의 은닉으로서 조세의 부과와 징수를 불가능하게 하거나 현저히 곤란하게 하는 적극적 행위는 사기나 그 밖의 부정한 행위에 해당한다.
",D,Tax Punishment Law,Thoery
"제조업을 영위하는 영리내국법인 (주)A는 제22기 사업연도(2022.1.1.~ 12.31.) 중 영리내국법인 (주)B가 잉여금의 자본금전입을 결의(2022.3.15.)함에 따라 무상주를 수령하였다. (주)B의 잉여금의 자본금전입 재원이 다음과 같을 경우 (주)A의 의제배당금액은? (단, (주)A는 (주)B의 발행주식총수의 15%를 소유하고 있으며, 수입배당금 익금불산입 규정은 무시하고 주어진 자료 이외에는 고려하지 않 음)

1. (주)B의 잉여금의 자본금전입 재원
- 주식발행초과금: 2,000,000원(채무의 출자전환시 채무면제이익 1,000,000원이
포함되어 있음)
- 자기주식소각이익: 5,000,000원(소각 당시의 시가가 취득가액을 초과하였음)
- 자기주식처분이익: 1,500,000원
- 주식의 포괄적 교환차익: 3,000,000원
- 주식의 포괄적 이전차익: 1,000,000원
- 재평가적립금: 1,400,000원[토지분(재평가세 1% 과세분) 400,000원과 건물분
(재평가세 3% 과세분) 1,000,000원으로 구성되어 있음] - 이월이익잉여금: 10,000,000원
2. (주)B가 보유한 자기주식은 없다.","1,785,000원","2,685,000원
","2,835,000원","3,135,000원","3,435,000원",B,Corporate Tax Law,Calculate
"다음은 영리내국법인 (주)A의 제22기 사업연도(2022.1.1.~12.31.)의 외국납부세액 관련 자료이다. (주)A는 외국에서 사업을 영위하는 외국자회사 (주)B의 의결권 있는 주식 30%를 보유하고 있다. 2020.1.1. (주)B의 주식을 취득 한 이후 지분율에는 변동이 없는 상태이다. (주)A가 외국납부세액공제를 적용할 경우 제22기 법인세 산출세액에서 공제할 외국납부세액은? (단, 주어진 자료 이외 에는 고려하지 않음)

1. (주)B로부터 외국법인세 원천징수세액 200,000원 차감 후 배당금 1,800,000원 을 수령하고 다음과 같이 회계처리하였다.
(차) 현금 1,800,000원 (대) 배당금수익 2,000,000원
선급법인세 200,000원
2. (주)B의 제22기 사업연도(2022.1.1.~12.31.) 소득금액은 5,000,000원이고,
이에 대한 외국법인세는 1,000,000원이다.
3. (주)A의 법인세비용차감전순이익은 150,000,000원이며, 세무상 이월결손금은 없다.","150,000원","170,000원","200,000원","250,000원","300,000원",D,Corporate Tax Law,Calculate
"(주)A는 제조업을 영위하는 영리내국법인이다. (주)A의 제22기 사업 연도(2022.1.1.~12.31.)의 임원전용 업무용승용차 관련 자료가 다음과 같을 경우 손금불산입금액은? (단, 주어진 자료 이외에는 고려하지 않음)

1. (주)A는 업무전용 자동차보험에 가입하였고 업무용승용차 운행기록부를 작성.비치하고 있으며, 제22기 사업연도의 상시근로자 수는 10인이다.
2. (주)A는 리스회사인 (주)B에서 제22기 초에 운용리스(리스기간 3년)로 임원전용 업무용승용차를 임차하였다.
3. 제22기 사업연도에 발생한 업무용승용차 관련비용은 다음과 같다.
구분 손익계산서에 계상한 비용
리스료 30,000,000원
- 자동차보험료 3,000,000원
- 자동차세 2,000,000원
- 수선유지비 1,750,000원
기타 유지비 3,000,000원
4. 제22기 사업연도 운행기록: 총 주행거리 20,000km, 업무용 사용거리 15,000km","8,250,000원","10,750,000원","17,687,500원 ","18,750,000원","24,750,000원
",C,Corporate Tax Law,Calculate
법인세법령상 합병 및 분할 등에 관한 특례의 내용으로 옳지 않은 것은?,적격합병이 아닌 경우 합병법인이 합병으로 피합병법인의 자산을 승계한 경우에는 그 자산을 피합병법인으로부터 합병등기일 현재의 시가로 양도받은 것으로 본다.,"적격합병이 아닌 경우 합병법인이 피합병법인에게 지급한 양도가액과 피합병법인의 합병등기일 현재의 순자산 시가가 서로 일치하지 않으면, 그 차액은 합병매수차익 또 는 합병매수차손으로 한다.",적격분할이 아닌 경우 분할신설법인등이 분할로 분할법인등의 자산을 승계한 경우에 는 그 자산을 분할법인등으로부터 분할등기일 현재의 시가로 양도받은 것으로 본다.,"적격합병을 한 합병법인은 피합병법인의 자산을 시가로 양도받은 것으로 하고, 양도 받은 자산 및 부채의 가액을 합병등기일 현재의 장부가액으로 계상하되 시가에서 피 합병법인의 장부상 장부가액을 뺀 금액은 자산조정계정으로 계상해야 한다.",중소기업간 적격합병인 경우 합병법인이 승계한 피합병법인의 결손금에 대한 공제는 피합병법인으로부터 승계받은 사업에서 발생한 소득금액의 100%를 한도로 한다.,D,Corporate Tax Law,Thoery
법인세법상 납세의무자와 과세소득의 범위에 관한 설명으로 옳지 않은 것은?,내국법인 중 국가와 지방자치단체는 그 소득에 대한 법인세를 납부할 의무가 없다.,비영리내국법인은 청산소득에 대한 법인세를 납부할 의무가 있다.,국내원천소득이 있는 외국법인은 법인세 납세의무가 있다.,"법인세법에 따라 법인세를 원천징수하는 자는 해당 법인세를 납부할 의무가 있다.
","비영리내국법인은 주식, 신주인수권 또는 출자지분의 양도로 인한 수입에 대하여 법인 세 납세의무가 있다.",B,Corporate Tax Law,Thoery
법인세법령상 접대비와 기부금에 관한 설명으로 옳지 않은 것은?,법인이 기부금의 지출을 위하여어음을 발행한 경우에는 그 어음을 발행한 날에 지출 한 것으로 본다.,법인이 기부금을 가지급금 등으로 이연계상한 경우에는 이를 그 지출한 사업연도의 기부금으로 하고 그 후의 사업연도에는 이를 기부금으로 보지 않는다.,내국법인이 한 차례의 접대에 지출한 접대비 중 3만원(경조금은 20만원)을 초과하는 접대비로서 증명서류를 수취하지 않은 것은 전액 손금불산입하고 대표자에 대한 상여로 처분한다.,재화 또는 용역을 공급하는 신용카드 등의 가맹점이 아닌 다른 가맹점의 명의로 작성 된 매출전표 등을 발급받은 경우 해당 지출액은 신용카드 등을 사용하여 지출한 접대 비로 보지 않는다.,법인이 특수관계인 외의 자에게 정당한 사유 없이 자산을 정상가액보다 낮은 가액으로 양도함으로써 실질적으로 증여한 것으로 인정되는 금액은 기부금으로 본다.,A,Corporate Tax Law,Thoery
"법인세법령상 손익의 귀속사업연도 및 자산,부채의 평가에 관한 설명으로 옳지 않은 것은?",중소기업인 법인이 수행하는 계약기간 1년 미만인 건설등의 경우에는 그에 대한 수익과 비용을 각각 그 목적물의 인도일이 속하는 사업연도의 익금과 손금에 산입할 수 있다.,"특정 금융거래정보의 보고 및 이용 등에 관한 법률 제2조제3호에 따른 가상자산은 이동평균법에 따라 평가해야 한다.
",결산을 확정할 때 이미 경과한 기간에 대응하는 임대료 상당액과 이에 대응하는 비용을 해당 사업연도의 수익과 손비로 계상한 경우 및 임대료 지급기간이 1년을 초과하는 경우 이미 경과한 기간에 대응하는 임대료 상당액과 비용은 이를 각각 해당 사업 연도의 익금과 손금으로 한다.,투자 회사등이 결산을 확정할 때증권등의 투자와 관련된 수익중 이미 경과한 기간에 대응하는 이자 및 할인액과 배당소득을 해당 사업연도의 수익으로 계상한 경우에 는 그 계상한 사업연도의 익금으로 한다.,계약의 목적물을 인도하지 않고 목적물의 가액 변동에 따른 차액을 금전으로 정산하는 파생상품의 거래로 인한 손익은 그 거래에서 정하는 대금결제일이 속하는 사업연 도의 익금과 손금으로 한다.,B,Corporate Tax Law,Thoery
"한국채택국제회계기준을 적용하고 있는 영리내국법인 (주)A의 제22 기 사업연도(2022.1.1.~12.31.)의 소득금액조정합계표상 손금산입 및 익금불산입 항목의 합계금액은? [단, 각 항목은 독립적이며 주어진 자료 이외(수입배당금 익 금불산입 규정 포함)에는 고려하지 않음]

1. (주)A의 재무상태표 자산계정 중 매출채권은 150,000,000원이다. 이 금액 에는 당기에 상법에 따른 소멸시효가 완성된 매출채권 2,000,000원이 포함 되어 있다.
2. (주)A는 제22기에 토지를 100,000,000원에 매입하였는데 이에 대한 취득세 4,000,000원과 그 취득세에 관한 가산세 1,000,000원을 납부하고 다음과 같 이 회계처리하였다.
(차) 토지 105,000,000원 (대) 현금 105,000,000원
3. (주)A는 2022년 초 (주)B의 의결권 있는 주식 30%를 30,000,000원에 취득 하였다. 주식 취득일 현재 (주)B의 재무상태표상 순자산가액은 100,000,000 원이고 순자산가액은 공정가치와 일치하였다. (주)A는 2022.5.18. (주)B로 부터 현금배당 500,000원을 받았으며, 2022년 말 (주)B가 당기순이익을 보 고함에 따라 다음과 같이 회계처리하였다.
<2022.5.18.>
(차) 현금 500,000원 (대) 관계기업투자주식 500,000원
<2022.12.31.>
(차) 관계기업투자주식 2,000,000원 (대) 지분법이익 2,000,000원","3,000,000원 ","5,000,000원","5,500,000원","7,000,000원","7,500,000원",B,Corporate Tax Law,Calculate
부가가치세법령상 사업자등록에 관한 설명으로 옳지 않은 것은?,사업장이 둘 이상인 사업자는 사업자 단위로 해당 사업자의 본점또는 주사무소 관할 세무서장에게 등록을 신청할 수 있다.,신규로 제조업을 시작하려는 자는 제조장별로 재화의 제조를 시작하는 날 이전이라도 사업자등록을 신청할 수 있다.,사업장 단위로 등록한 사업자가 사업자 단위 과세 사업자로 변경하려면 사업자 단위 과 세 사업자로 적용받으려는 과세기간 개시 20일 전까지 사업장 관할 세무서장에게 변경 등록을 신청하여야 한다.,사업자 단위로 등록 신청을 한 사업자에게는 사업자 단위 과세 적용 사업장에 한개의 등록번호를 부여한다.,"사업자가 상호를 변경하는 경우에는 지체 없이 사업자의 인적사항, 사업자등록의 변경 사항 및 그 밖의 필요한 사항을 적은 사업자등록 정정신고서를 관할 세무서장이나 그 밖에 신고인의 편의에 따라 선택한 세무서장에게 제출해야 한다.",C,Added Tax Law,Theory
부가가치세법령상 과세대상 거래가 아닌 것은?,사업자가 자기의 과세사업과 관련하여 취득하여 매입세액이 공제된 재화를 자기의 면세 사업을 위하여 직접 사용하는 것,사업자가 외국으로부터 국내에 도착한 물품으로서 수입신고가 수리되기 전의 것을 국내 에 반입하는 것,사업자가 특수관계인에게 사업용 부동산의 임대용역을 시가보다 낮은 대가를 받고 공급하는 것,사업자가 양도담보의 목적으로 부동산상의 권리를 제공하는 것,사업자가 현물출자에 따라 재화를 인도하는 것,D,Added Tax Law,Theory
"다음은 부가가치세 과세사업을 영위하는 (주)A에 관한 자료이 다. 2022년 제1기 예정신고기간(2022.1.1.~3.31.)의 부가가치세 과세표준에 포함 될 금액은? (단, 다음 자료의 금액에는 부가가치세가 포함되어 있지 않으며, 주어진 자료 이외에는 고려하지 않음)

1. 공급단위를 구획할 수 없는 용역을 계속적으로 공급하고 2022.1.5.에 계약 금으로 2,000,000원, 2022.2.20.에 중도금으로 4,000,000원, 2022.4.30.에 잔금으로 3,000,000원을 받기로 하고, 세금계산서는 대금을 받기로 한 날 발행하기로 하였다.
2. 특허권을 2022.4.2.부터 2년간 대여하기로 하고, 2022.3.30.에 대가의 일부 로 받은 1,000,000원에 대하여 전자세금계산서를 발행하였다.
3. 2022.2.20.에 세금계산서를 발행하는 시기(2022.2.20.)와 대금의 지급시기(2022.4.5.)를 명시한 약정서를 작성하고 이에 따라 용역의 공급가액을 5,000,000원으로 하는 전자세금계산서를 발행하였다(용역제공을 완료한 때는 2022.7.10.임).
4. 2022.3.25.에 특수관계인에게 산업상의 지식에 관한 정보를 무상으로 제공하 였으며, 그 시가는 3,000,000원이다.","4,000,000원","6,000,000원","7,000,000원","9,000,000원","12,000,000원",C,Added Tax Law,Calculate
"다음은 과세사업과 면세사업을 겸영하는 (주)A의 2022년 제1기 확정신고기간(2022.4.1.~6.30.)의 거래내역이다. 2022년 제1기 확정신고시 매출세 액에서 공제되는 매입세액은? (단, 주어진 자료 이외에는 고려하지 않음)

1. 2022.4.20.에 법인사업자로부터 과세사업에 사용되는 재화를 매입하고 전자 세금계산서 외의 세금계산서를 2022.7.5.에 발급받았고, 그 거래사실이 확인 되는 것의 부가가치세 매입세액은 2,000,000원이다.
2. 2022.5.10.에 법인사업자로부터 매입한 면세사업에 사용되는 재화의 매입세액 은 1,000,000원이다.
3. 2022.5.25.에 매입한 과세사업과 면세사업에 공통으로 사용될 기계설비의 매 입세액은 5,000,000원이며, 과세사업과 면세사업의 공급가액(부가가치세 제외 금액)은 다음과 같다.

과세기간 과세사업 공급가액 면세사업 공급가액
2022.1.1.~3.31. 160,000,000원 100,000,000원
2022.4.1.~6.30. 330,000,000원 110,000,000원","2,500,000원","4,500,000원","4,750,000원","5,500,000원","5,750,000원",D,Added Tax Law,Calculate
"부가가치세 과세사업을 영위하는 (주)A에 관한 다음 자료에 따 라 2022년 제1기 확정신고기간(2022.4.1.~6.30.)의 매입처별 세금계산서합계표 상 부가가치세 매입세액에 가감할 금액은? (단, 법령상 신고 등의 절차는 적법하게 이행되었으며, 주어진 자료 이외에는 고려하지 않음)

1. 2020.1.1.에 공급한 재화에 대한 매출채권 17,600,000원(부가가치세 포함)이 2022.4.5.에 부가가치세법에 따른 대손으로 확정되었다.
2. 2021.3.1.에 부가가치세법에 따른 대손으로 확정된 매출채권 27,500,000원 (부가가치세 포함)을 2022.5.10.에 회수하였다.
3. 2021년 제1기 부가가치세 확정신고시 매입세액에서 차감한 대손세액은 1,980,000원이었고, 2022.6.15.에 해당 대손 금액 전부를 변제하였다.","520,000원 차감","1,080,000원 차감","1,800,000원 가산","1,980,000원 가산","3,580,000원 가산",D,Added Tax Law,Calculate
부가가치세법령상 영세율과 면세에 관한 설명으로 옳지 않은 것은?,외국인도수출로서 국내 사업장에서 계약과 대가 수령 등 거래가 이루어지는 것은 영세 율을 적용한다.,사업자가 비거주자 또는 외국법인이면 그 해당 국가에서 대한민국의 거주자 또는 내국 법인에 대하여 동일하게 면세하는 경우에만 영세율을 적용한다.,외국에서 생산되어 식용으로 제공되지 아니하는 수산물로서 원생산물의 수입에 대해서 는 면세를 적용한다.,수입하는 상품의 견본과 광고용 물품으로서 관세가 면제되는 재화의 수입에 대해서는 면세를 적용한다.,부가가치세가 면제되는 재화 또는 용역의 공급이 영세율의 적용 대상이 되는 것인 경우 면세의 포기를 신고하여 부가가치세의 면제를 받지 아니할 수 있다.,C,Added Tax Law,Thoery
부가가치세법령상 세금계산서에 관한 설명으로 옳은 것은?,"공급하는 자의 주소, 공급품목, 단가와 수량, 작성 연월일이 기재되지 않은 세금계산서라 도 그 매입세액은 매출세액에서 공제한다.",전자세금계산서를 발급하여야 하는 사업자가 아닌 사업자는 전자세금계산서를 발급하거나 전자세금계산서 발급명세를 전송할 수 없다.,처음 공급한 재화가 환입된 경우 재화가 환입된 날을 작성일로 적고 비고란에 처음 공급일을 덧붙여 적은 후 감소된 금액을 검정색 글씨로 쓰거나 음(陰)의 표시를 하여 수정 세금계산서 또는 수정전자세금계산서를 발급한다.,직전 연도의 공급대가의 합계액이 4천800만원 미만인 간이과세자가 부가가치세가 과세 되는 재화를 공급하는 경우에는 재화의 공급시기에 그 공급을 받은 자에게 영수증 또는 세금계산서를 발급할 수 있다.,세관장은 수입되는 재화에 대하여 부가가치세를 징수할 때(부가가치세법 제50조의2에 따라 부가가치세의 납부가 유예되는 때를 포함)에는 수입된 재화에 대한 세금계산서 를 법령으로 정하는 바에 따라 수입하는 자에게 발급하여야 한다.,E,Added Tax Law,Thoery
국제조세조정에 관한 법률상 국외특수관계인 및 관련 과세조정에 관한 설명으로 옳지 않은 것은?,"""국외특수관계인""이란 거주자, 내국법인 또는 국내사업장과 특수관계에 있는 비거주자 또는 외국법인(비거주자 또는 외국법인의 국내사업장은 제외)을 말한다.","과세당국은 거주자와 국외특수관계인이 사전에 원가, 비용, 위험의 분담에 대한 약정을 체결하고 이에 따라 무형자산을 공동으로 개발 또는 확보하는 경우 거주자의 원가등의 분담액이 정상원가분담액보다 많을 때에는 정상원가분담액을 기준으로 거주자의 과세표 준과 세액을 결정하거나 경정할 수 있다.","체약상대국이 거주자와 국외특수관계인의 거래가격을 정상가격으로 조정하고, 이에 대한 상호합의절차가 진행 중인 경우 거주자는 경정청구를 할 수 있으며, 과세당국은 그 경정청 구의 결과에 따라 거주자의 각 과세연도 과세표준 및 세액을 조정하여 계산하여야 한다.",과세당국은 국외특수관계인과의 거래에 대한 과세조정에 관한 규정을 적용할 때 납세의 무자가 일방적 사전승인을 받은 경우로서 신고한 거래가격과 정상가격의 차이에 대하여 납세의무자의 과실이 없다고 국세청장이 판정하는 경우에는 국세기본법에 따른 과 소신고가산세를 부과하지 아니한다.,거주자는 일정 기간의 과세연도에 대하여 일정한 정상가격 산출방법을 적용하려는 경우 에는 그 정상가격 산출방법을 적용하려는 일정 기간의 과세연도 중 최초의 과세연도 개 시일의 전날까지 국세청장에게 사전승인을 신청할 수 있다.,C,ETC,Thoery
국제조세조정에 관한 법률에서 규정하고 있는 내용으로 옳지 않은 것은?,제조업을 영위하는 내국법인이 국외법인으로부터 차입한 금액에 대한 이자비용이 조정소 득금액의 30퍼센트를 초과하는 경우에는 그 초과하는 금액은 손금에 산입하지 아니한다.,"내국법인이 국외특수관계인과의 혼성금융상품 거래에 따라 지급한 이자등 중 법령으 로 정하는 기간(이하 ""적정기간"") 이내에 그 거래 상대방이 소재한 국가에서 거래 상대방의 소득에 포함되지 아니하는 등 과세되지 아니한 금액은 적정기간 종료일이 속 하는 사업연도의 소득금액을 계산할 때 법령으로 정하는 바에 따라 익금에 산입하며 법인세법에 따른 기타사외유출로 처분된 것으로 본다.","조세조약에서 정의하지 아니한 용어 및 문구에 대해서는 국세기본법 제2조제2호에 따른 세법에서 정의하거나 사용하는 의미에 따라 조세조약을 해석, 적용한다.",배당간주금액은 특정외국법인의 해당 사업연도 종료일의 다음 날부터 60일이 되는 날이 속하는 내국인의 과세연도의 익금 또는 배당소득에 산입한다.,출자금액 대비 과다차입금 지급이자의 손금불산입 규정에 따라 손금불산입 되는 내국 법인의 지급이자 및 할인료는 법인세법에 따른 배당 또는 기타사외유출로 처분된 것으로 본다.,A,ETC,Thoery
국세기본법상 서류의 송달에 관한 설명이다. 옳지 않은 것은?,"교부에 의한 서류 송달은 해당 행정기관의 소속 공무원이 서류를 송달할 장소에서 송달받아야 할 자에게 서류를 교부하는 것이 원칙이지만, 송달을 받아야 할 자가 송달받기를 거부하지 아니하면 다른 장소에서 교부할 수 있다.","납부의 고지에 관한 서류를 연대납세의무자에게 송달할 때에는 그 대표자를 명의인으로 하며, 대표자가 없을 때에는 연대납세 의무자 중 국세를 징수하기에 유리한 자를 명의인으로 한다.",서류를 송달받아야 할 자 또는 그 사용인이나 그 밖의 종업원 또는 동거인으로서 사리를 판별할 수 있는 사람이 정당한 사유 없이 서류 수령을 거부할 때에는 송달할 장소에 서류를 둘 수 있다.,"납세자가 전자송달된 납부고지서에 의한 세액을 그 납부기한까지 전액 납부하지 아니하고, 2회 연속하여 국세정보통신망에 송달된 서류를 법령에서 정한 기한까지 열람하지 아니하는 경우에는 전자 송달의 신청을 철회한 것으로 본다.",국세정보통신망을 이용하여 공시송달을 할 때에는 다른 공시 송달 방법과 함께 하여야 한다.,B,National Tax Law,Thoery
국세기본법상 국세와 일반채권의 관계에 관한 설명이다. 옳은 것은?,납세담보물을 매각하였을 때에는 그 국세 및 강제징수비는 매각 대금 중에서 다른 국세 및 강제징수비와 지방세에 우선하여 징수한다.,"법정기일 전에 전세권이 설정된 재산이 국세의 강제징수 또는 경매 절차 등을 통하여 매각되어 그 매각금액에서 국세를 징수하는 경우, 그 전세권에 의하여 담보된 채권 또는 임대차보증금반환 채권은 해당 재산에 대하여 부과된 증여세보다 우선한다.",지방세 체납처분에 의하여 납세자의 재산을 압류한 경우에 국세 및 강제징수비의 교부청구가 있으면 교부청구된 국세 및 강제 징수비는 압류에 관계되는 지방세와 같은 순위로 징수한다.,납세자가 국세 및 강제징수비를 체납한 경우 그 납세자에게 그 국세의 법정기일 전에 담보의 목적이 된 양도담보재산이 있을 때에는 국세징수법에서 정하는 바에 따라 그 양도담보재산 으로써 납세자의 국세 및 강제징수비를 징수할 수 있다.,과세표준과 세액의 신고에 따라 납세의무가 확정되는 국세의 경우 신고한 해당 세액의 법정기일은 그 법정 신고납부기한의 다음 날이다.,A,National Tax Law,Thoery
"국세기본법상 국세환급금 및 국세환급가산금에 관한 설명이다. 옳은 것은?
",납세자가 상속세 및 증여세법에 따라 상속세를 물납한 후 그 부과의 전부 또는 일부를 취소하거나 감액하는 경정결정에 따라 환급하는 경우에는 해당 물납재산으로 환급하여야 하며 국세 환급가산금을 지급하여야 한다.,"국세환급금을 체납된 국세 및 강제징수비에 충당하는 것은 납세자가 그 충당에 동의하는 경우에만 가능하다.
",국세환급금 중 충당한 후 남은 금액은 국세환급금의 결정을 한 날부터 30일 내에 납세자에게 지급하여야 한다.,물납재산을 환급하는 경우에 국가가 물납재산을 유지 또는 관리하기 위하여 지출한 비용은 납세자의 부담으로 한다.,체납된 국세 및 강제징수비가 있는 납세자가 국세환급금을 납부 고지에 따라 납부하는 국세에 충당하는 것을 동의하거나 신청한 경우에도 국세환급금을 그 체납된 국세 및 강제징수비에 우선 충당해야 한다.,C,National Tax Law,Thoery
국세기본법상 납세의무의 확장 및 소멸에 관한 설명이다. 옳지 않은 것은?,법인이 합병한 경우 합병 후 존속하는 법인 또는 합병으로 설립된 법인은 합병으로 소멸된 법인에 부과되거나 그 법인이 납부할 국세 및 강제징수비를 납부할 의무를 진다.,법인이 분할 또는 분할합병한 후 소멸하는 경우 분할신설법인과 분할합병의 상대방 법인은 분할법인에 부과되거나 분할법인이 납부하여야 할 국세 및 강제징수비에 대하여 분할로 승계된 재산 가액을 한도로 연대하여 납부할 의무가 있다.,심판결정에 의하여 명의대여 사실이 확인된 경우에는 당초의 부과 처분을 취소하고 그 결정이 확정된 날부터 1년 이내에 실제로 사업을 경영한 자에게 경정이나 그 밖에 필요한 처분을 할 수 있다.,국세징수권의 소멸시효는 세법에 따른 분납기간이 지난 때부터 새로 진행한다.,"세무공무원이 사해행위 취소소송을 제기함으로 인한 시효정지의 효력은 소송이 각하, 기각 또는 취하된 경우에는 그 효력이 없다.",D,National Tax Law,Thoery
"국세기본법상 심사와 심판에 관한 설명이다. 옳지 않은 것은?
","조세범 처벌절차법에 따른 통고처분에 대해서는 국세 기본법에 따른 불복을 할 수 없다.
",재조사 결정에 따른 처분청의 처분에 대해서는 해당 재조사 결정을 한 재결청에 대하여 심사청구 또는 심판청구를 제기할 수 없다.,"행정소송은 심사청구 또는 심판청구에 대한 결정의 통지를 받은 날부터 90일 이내에 제기하여야 하나, 결정기간에 결정의 통지를 받지 못한 경우에는 결정의 통지를 받기 전이라도 그 결정 기간이 지난 날부터 행정소송을 제기할 수 있다.","심사청구에 대한 결정에 잘못된 기재, 계산착오, 그 밖에 이와 비슷한 잘못이 있는 것이 명백할 때에는 국세청장은 직권으로 또는 심사청구인의 신청에 의하여 경정할 수 있다.",조세심판관회의는 심판청구에 대한 결정을 할 때 심판청구를 한 처분 외의 처분에 대해서는 그 처분의 전부 또는 일부를 취소 또는 변경하거나 새로운 처분의 결정을 하지 못한다.,B,National Tax Law,Thoery
"법인세법상 자산의 취득가액 및 자산, 부채의 평가에 관한 설명이다. 틀린 것은?","특수관계에 있는 법인이 파산한 경우 내국법인이 보유한 해당 파산법인 주식의 장부가액은 사업연도 종료일 현재 시가 (1,000원 이하인 경우는 1,000원으로 함)로 감액할 수 없다.","유형자산의 취득과 함께 국.공채를 매입하는 경우 기업회계 기준에 따라 그 국채, 공채의 매입가액과 현재가치의 차액을 해당 유형자산의 취득가액으로 계상한 금액은 취득가액에 포함한다.",보험업법에 따라 유형자산의 장부가액을 증액한 경우에는 평가증액한 금액을 그 평가일이 속하는 사업연도의 익금으로 한다.,"재고자산으로서 파손, 부패 등의 사유로 정상가격으로 판매할 수 없는 것은 감액사유가 발생한 사업연도 종료일 현재 처분가능한 시가로 평가한 가액으로 감액할 수 있다.",모두 맞는 문항이다.,A,Corporate Tax Law,Thoery
"법인세법상 손익의 귀속시기에 관한 설명이다. 옳지 않은 것은?
","법인이 비치, 기장한 장부가 없어 당해 사업연도 종료일까지 실제로 소요된 총공사비누적액을 확인할 수 없는 경우에는 그 목적물의 인도일이 속하는 사업연도의 익금과 손금에 각각 산입한다.",납품계약 또는 수탁가공계약에 따라 검사를 거쳐 인수 및 인도가 확정되는 물품의 경우에는 당해 물품을 계약상 인도하여야 할 장소에 보관한 날이 속하는 사업연도의 손익으로 한다.,"임대료 지급기간이 1년을 초과하는 경우 이미 경과한 기간에 대응하는 임대료 상당액과 비용은 이를 각각 해당 사업연도의 익금과 손금으로 한다.
",중소기업인 법인이 장기할부조건으로 자산을 판매한 경우에는 그 장기할부조건에 따라 각 사업연도에 회수하였거나 회수할 금액과 이에 대응하는 비용을 각각 해당 사업연도의 익금과 손금에 산입할 수 있다.,계약의 목적물을 인도하지 아니하고 목적물의 가액변동에 따른 차액을 금전으로 정산하는 파생상품의 거래로 인한 손익은 그 거래에서 정하는 대금결제일이 속하는 사업연도의 익금과 손금으로 한다.,B,Corporate Tax Law,Thoery
법인세법상 충당금과 준비금에 관한 설명이다. 틀린 것을 고른 것은?,비영리내국법인 A(「사회복지사업법」에 따른 사회복지법인임)는 소득세법상 이자소득금액(비영업대금의 이익은 제외)에 100분의 100을 곱하여 산출한 금액을 고유목적사업준비금으로 손금에 산입할 수 있다.,"(주)B는 공장건물의 화재로 인하여 보험금을 지급받은 사업연도에 사용하지 못하였으나 그 다음 사업연도 개시일부터 2년 이내에 공장건물의 취득에 보험금을 사용하려는 경우에는, 지급받은 사업연도에 일시상각충당금으로 손금에 산입할 수 있다.",(주)C가 아파트 건설과 관련하여 기업회계기준에 따라 공사 손실충당부채를 손금으로 계상한 때에는 법 소정 한도 내에서 그 계상한 사업연도의 손금으로 한다.,(주)D는채무자 회생 및 파산에 관한 법률에 따른 회생계획 인가의 결정으로 확정된 채권을 해당 사유가 발생한 날이 속하는 사업연도의 손금에 산입한다.,모두 맞다,C,Corporate Tax Law,Thoery
"제조업을 영위하는 영리내국법인 (주)A의 제24기(2024.1.1.~2024.12.31.) 기부금에 관한 자료이다. 제24기에 지출한 일반기부금의 한도초과액 으로 옳은 것은?

1. 손익계산서상 당기순이익: 100,000,000원
2. 기부금 관련 세무조정사항을 제외한 세무조정 내역
익금산입ᆞ손금불산입: 20,000,000원
손금산입ᆞ익금불산입: 10,000,000원
3. 손익계산서상 기부금은 무료로 이용할 수 있는 아동복지시설에 현금으로 지급된 5,000,000원이다.
4. 제24기 중 국가로부터 정당한 사유없이 토지를 현금으로 구입 하였다. 구입한 토지의 취득가액은 90,000,000원이고, 취득 당시 시가는 60,000,000원이다.
5. 제22기에 발생한 결손금으로서 이후 과세표준을 계산할 때 공제되지 아니한 금액은 100,000,000원이다.
6. 제23기에 발생한 일반기부금 한도초과액은 1,000,000원이다.
7. (주)A는 사회적기업이 아니며, 각 사업연도 소득금액의 80%까지 이월결손금 공제를 할 수 있는 법인이다","3,700,000원","3,850,000원","4,350,000원","4,850,000원","5,000,000원",D,Corporate Tax Law,Calculate
법인세법상 사업연도에 관한 설명이다. 옳지 않은 것은?,국내사업장이 있는 외국법인으로서 법령이나 정관 등에 사업연도에 관한 규정이 없는 (주)A가 사업연도를 신고하지 아니하는 경우 (주)A의 최초사업연도는 국내사업장을 가지게 된 날부터 그 날이 속하는 해의 12월 31일까지로 한다.,내국법인 (주)B(사업연도: 1월 1일∼12월 31일)가 사업연도를 7월 1일부터 6월 30일까지로 변경하기 위하여 2024년 4월 15일 사업연도변경신고서를 납세지 관할세무서장에게 제출한 경우 변경 후 최초사업연도는 2025년 1월 1일부터 2025년 6월 30일까지이다.,최초사업연도개시일전에생긴손익을사실상그법인에귀속 시킨 것이 있는 경우 조세포탈의 우려가 없을 때에는 최초사업 연도의 기간이 1년을 초과하지 아니하는 범위 내에서 이를 해당 법인의 최초사업연도 손익에 산입할 수 있다.,"사업연도가 변경된 경우에는 종전의 사업연도 개시일부터 변경된 사업연도 개시일 전날까지의 기간을 1사업연도로 한다. 다만, 그 기간이 1개월 미만인 경우에는 변경된 사업연도에 그 기간을 포함한다.",내국법인 (주)C(사업연도: 1월 1일∼12월 31일)가 2024년 6월 30일 조직변경을 한 경우에는 2024년 1월 1일부터 2024년 6월 30일까지의 기간과 2024년 7월 1일부터 2024년 12월 31일까지의 기간을 각각 1사업연도로 본다.,E,Corporate Tax Law,Theory
법인세법상 비영리법인의 각 사업연도 소득에 관한 설명이다. 옳지 않은 것은?,비영리내국법인은 원천징수된 투자신탁의 이익에 대하여 과세표준 신고를 하지 아니할 수 있다. 이 경우 과세표준 신고를 하지 아니한 투자신탁의 이익은 그 법인의 해당 각 사업연도 소득금액에 산입한다.,"토지또는건물의양도로인하여발생하는소득만있는비영리 내국법인(사업소득에 해당하는 수익사업을 하는 비영리내국 법인은 제외함)은 과세표준 신고를 하지 아니할 수 있다.
1 1,250,000원
4 1,500,000원
2 1,400,000원
5 1,600,000원
3 1,450,000원
15.「법인세법」상 합병 및 분할 등 특례에 관한 설명이다. 옳지 않은 것은?
1 합병법인이 피합병법인의 자산을 시가로 양도받은 것으로 보는 경우로서 피합병법인에 지급한 양도가액이 피합병법인의 합병등기일 현재의 자산총액에서 부채총액을 뺀 금액보다 큰 경우, 합병법인은 그 차액을 합병등기일부터 5년간 균등하게 나누어 익금에 산입한다.
2 피합병법인의 양도손익을 계산할 때 적격합병의 경우에는 피합병법인이 합병법인으로부터 받은 양도가액을 합병등기일 현재 피합병법인의 순자산 장부가액으로 보아 양도손익이 없는 것으로 할 수 있다.
3 피합병법인의 순자산 장부가액을 계산할 때 「국세기본법」에 따라 환급되는 법인세액이 있는 경우에는 이에 상당하는 금액을 합병등기일 현재 피합병법인의 순자산 장부가액에 더한다.
4 내국법인이 분할로 해산하는 경우(물적분할은 제외)에는 그 법인의 자산을 분할신설법인 또는 분할합병의 상대방 법인에 양도한 것으로 본다.
5 합병법인은 피합병법인의 자산을 장부가액으로 양도받은 경우 양도받은 자산 및 부채의 가액을 합병등기일 현재의 시가로 계상 하되, 시가에서 피합병법인의 장부가액을 뺀 금액이 0보다 작은 ","비영리외국법인이란 외국법인 중 외국의 정부, 지방자치단체 및 영리를 목적으로 하지 아니하는 법인(법인으로 보는 단체를 포함함)을 말한다.","비영리내국법인의 각 사업연도 소득에는 유형자산의 처분으로 인한 수입을 포함하나, 처분일 현재 3년 이상 계속하여 고유목적사업에 직접 사용한 유형자산의 처분으로 인하여 생기는 수입은 제외한다.","비영리내국법인은 토지 등 양도소득에 대한 법인세 납세의무가 있으나, 청산소득에 대한 법인세 납세의무는 없다.",A,Corporate Tax Law,Theory
법인세법상 합병 및 분할 등 특례에 관한 설명이다. 옳지 않은 것은?,"합병법인이 피합병법인의 자산을 시가로 양도받은 것으로 보는 경우로서 피합병법인에 지급한 양도가액이 피합병법인의 합병등기일 현재의 자산총액에서 부채총액을 뺀 금액보다 큰 경우, 합병법인은 그 차액을 합병등기일부터 5년간 균등하게 나누어 익금에 산입한다.","토지또는건물의양도로인하여발생하는소득만있는비영리 내국법인(사업소득에 해당하는 수익사업을 하는 비영리내국 법인은 제외함)은 과세표준 신고를 하지 아니할 수 있다.
1 1,250,000원
4 1,500,000원
2 1,400,000원
5 1,600,000원
3 1,450,000원
15.「법인세법」상 합병 및 분할 등 특례에 관한 설명이다. 옳지 않은 것은?
1 합병법인이 피합병법인의 자산을 시가로 양도받은 것으로 보는 경우로서 피합병법인에 지급한 양도가액이 피합병법인의 합병등기일 현재의 자산총액에서 부채총액을 뺀 금액보다 큰 경우, 합병법인은 그 차액을 합병등기일부터 5년간 균등하게 나누어 익금에 산입한다.
2 피합병법인의 양도손익을 계산할 때 적격합병의 경우에는 피합병법인이 합병법인으로부터 받은 양도가액을 합병등기일 현재 피합병법인의 순자산 장부가액으로 보아 양도손익이 없는 것으로 할 수 있다.
3 피합병법인의 순자산 장부가액을 계산할 때 「국세기본법」에 따라 환급되는 법인세액이 있는 경우에는 이에 상당하는 금액을 합병등기일 현재 피합병법인의 순자산 장부가액에 더한다.
4 내국법인이 분할로 해산하는 경우(물적분할은 제외)에는 그 법인의 자산을 분할신설법인 또는 분할합병의 상대방 법인에 양도한 것으로 본다.
피합병법인의 양도손익을 계산할 때 적격합병의 경우에는 피합병법인이 합병법인으로부터 받은 양도가액을 합병등기일 현재 피합병법인의 순자산 장부가액으로 보아 양도손익이 없는 것으로 할 수 있다.",피합병법인의 순자산 장부가액을 계산할 때 「국세기본법」에 따라 환급되는 법인세액이 있는 경우에는 이에 상당하는 금액을 합병등기일 현재 피합병법인의 순자산 장부가액에 더한다.,내국법인이 분할로 해산하는 경우(물적분할은 제외)에는 그 법인의 자산을 분할신설법인 또는 분할합병의 상대방 법인에 양도한 것으로 본다.,"합병법인은 피합병법인의 자산을 장부가액으로 양도받은 경우 양도받은 자산 및 부채의 가액을 합병등기일 현재의 시가로 계상 하되, 시가에서 피합병법인의 장부가액을 뺀 금액이 0보다 작은 경우에는 시가와 장부가액의 차액을 손금에 산입하고 이에 상당 하는 금액을 자산조정계정으로 익금에 산입한다.",A,Corporate Tax Law,Theory
"영리내국법인 (주)A(제조업ᆞ중소기업)의 제24기(2024.1.1.∼2024.12.31.) 세무 조정에 관한 자료이다. 익금산입, 손금불산입 합계와 손금산입, 익금불산입 합계로 옳은 것은? 단, 지급이자 손금불산입은 고려하지 않는다.

(1) 토지 취득
1 (주)A는 특수관계인인 (주)B로부터 2024년 11월 23일 공장 신축용 토지를 450,000,000원에 매입하여 사업에 즉시 사용하였다.
2 2024년 11월 23일 매입대금 중 350,000,000원을 지급하고 잔액은 2025년 1월 21일 지급할 예정이다.
3 토지의 시가는 불분명하고 개별공시지가는 240,000,000원이며, 두 감정평가법인의 평가액은 각각 270,000,000원과 330,000,000원이다.

(2) 대여금 내역
구분 원금 이자회수액 비고
갑(대표이사) 70,000,000원 2,700,000원 사업자금 대여
을(전무이사) 30,000,000원 700,000원 별장구입자금 대여
병(회계부장) 20,000,000원 500,000원 주택전세자금 대여

-1- 대여금은 모두 제23기에 대여하였으며 제24기 연중 변동은 없다.
-2- (주)A는 갑(대표이사)으로부터 별도의 상환 약정 없이 차입한 차입금 10,000,000원(연중 변동 없음)이 있다.
-3- (주)A는 과세표준을 신고할 때 가지급금 인정이자 계산시 적용할 이자율로 당좌대출이자율(4.6%)을 적법하게 신고하였다.

","익금산입, 손금불산입 합계 : 150,680,000원
손금산입, 익금불산입 합계 : 50,000,000원","익금산입, 손금불산입 합계 : 150,680,000원
손금산입, 익금불산입 합계 : 150,000,000원","익금산입, 손금불산입 합계 : 151,100,000원
손금산입, 익금불산입 합계 : 50,000,000원","익금산입, 손금불산입 합계 : 151,100,000원
손금산입, 익금불산입 합계 : 150,000,000원","익금산입, 손금불산입 합계 : 211,100,000원
손금산입, 익금불산입 합계 : 50,000,000원",B,Corporate Tax Law,Calculate
"영리내국법인 (주)A(제조업, 중소기업)의 제24기(2024.1.1.∼2024.12.31.) 세무 조정에 관한 자료이다. 익금산입, 손금불산입 합계와 손금산입, 익금불산입 합계로 옳은 것은? 단, 지급이자 손금불산입은 고려하지 않는다.
18. 영리내국법인 (주)갑의 제24기(2024.1.1.~2024.12.31.) 외국납부세액에 관한 자료이다. 외국납부세액공제를 적용할 경우 제24기 법인세 산출세액에서 공제할 외국납부세액공제액으로 옳은 것은?","500,000원","562,500원","625,000원","1,250,000원","1,750,000원",B,Corporate Tax Law,Calculate
"제조업을 영위하는 영리내국법인 (주)A의 제24기(2024.1.1.∼2024.12.31.) 공장 건물의 감가상각비 세무조정에 관한 자료이다. (주)A가 법인세 부담을 최소화하는 방향으로 적법하게 신고하였을 경우 공장 건물의 감가상각에 관한 세무조정으로 옳은 것은?

(1) 사업용 공장 건물을 시가인 350,000,000원에 취득하기 위하여 2024년 7월 1일 계약금 50,000,000원을 지급하였다. 소유권 이전등기일(2024.9.1.)부터 동 건물의 사용을 개시하였으며, 2024년 10월 1일 잔금 300,000,000원을 지급하였다.
(2) 동 건물의 취득세 10,000,000원을 세금과공과로 비용처리하였다.
(3) 동 건물에 대한 기준내용연수는 20년이며, 당기에는 공장 건물에 대한 감가상각비를 계상하지 않았다.
(4) 감가상각 시부인 계산시 월할상각을 가정한다.
(5) 한국채택국제회계기준을 적용하지 않는다.",세무조정 없음,"손금산입 4,000,000원 (△유보)","익금산입 2,000,000원 (유보)","익금산입 4,000,000원 (유보)","익금산입 5,500,000원 (유보)",C,Corporate Tax Law,Calculate
"소득세법상 소득구분에 관한 설명이다. 옳지 않은 것은?
",비사업자가 공익사업과 관련하여 지상권을 양도함으로써 발생하는 소득은 양도소득이다.,전자상거래 등에서의 소비자보호에 관한 법률에 따라 통신 판매중개를 하는 자를 통하여 장소를 대여하고 받은 연간 수입 금액 500만원은 기타소득이다.,이축권을 별도로 적법하게 감정평가하여 신고하는 경우 그 이축권을 토지.건물과 함께 양도함으로써 발생하는 소득은 양도소득이다.,비사업자가 지하수개발권을 토지 등과 함께 양도함으로써 발생 하는 소득은 기타소득이다.,사업과 관련하여 사업용 자산의 손실로 취득하는 보험차익은 사업소득이다.,C,Income Tax Law,Theory
"소득세법상 세액공제에 관한 설명이다. 옳은 것은?
","간편장부대상자가 비치, 기장한 장부에 의해 신고해야 할 소득금액의 10%를 누락하여 신고한 경우 기장세액공제를 적용하지 않는다.","재해손실세액공제와 관련하여 자산상실비율을 계산할 때, 상실한 타인소유의 자산으로서 그 상실에 대한 변상책임이 당해 사업자에게 있는 것은 상실 전 자산총액에 포함되지 않는다.",종합소득에 대하여 외국정부에 납부한 외국소득세액을 이월 공제기간 내에 공제받지 못할 경우 그 공제받지 못한 외국소득 세액은 이월 공제기간의 종료일 다음 날이 속하는 과세기간의 소득금액을 계산할 때 필요경비에 산입할 수 있다.,생계를 같이하는 부양가족 중 소득요건을 충족하지 않아 기본 공제대상자가 아닌 자에게 지출한 의료비는 의료비 세액공제 대상이 될 수 없다.,부양가족을 위하여 지급한 학자금대출 원리금 상환액은 교육비 세액공제 대상이 될 수 있다.,C,Income Tax Law,Theory
"거주자 갑의 2024년 금융소득에 관한 자료이다. 갑의 종합소득금액에 합산될 금융소득금액으로 옳은 것은? 별도의 언급이 없는 경우 금융소득에 대한 원천징수는 적법하게 이루어졌으며, 모든 금액은 원천징수세액을 차감하기 전의 금액이다.

(1) 2024년초 지인에게 자금을 대여해주고 회수한 금액(동 이자는
*
* 원금 30,000,000원과 이자 7,000,000원의 합계액 37,000,000원 중 일부를
회수한 것이고 나머지는 채무자의 파산으로 회수할 수 없는 상태임
(2) 「민사집행법」에 따라 법원에 납부한 보증금에 대한 이자: 3,000,000원
(3) 출자공동사업자의 배당소득: 9,000,000원
(4) 국내은행 정기예금이자: 3,000,000원
(5) 「공익신탁법」에 따른 공익신탁의 이익: 6,000,000원
(6) 비상장 내국법인으로부터 받은 현금배당: 12,000,000원
(7) 소득세법령이 정하는 채권의 환매조건부 매매차익: 7,000,000원
(8) 배당가산(Gross-up)율: 10%","36,700,000원","36,770,000원
","39,300,000원","42,200,000원","42,220,000원",A,Income Tax Law,Calculate
"소득세법상 공동사업장(제조업, 복식부기의무자)의 2024년 소득에 관한 자료이다. 거주자 갑의 종합소득금액으로 옳은 것은?

(1) 공동사업자별 손익분배 비율
공동사업자 갑(대표자) 갑의 배우자 갑의 동생 
손익분배비율 50% 30% 20%
* 갑과 생계를 같이 하며, 조세를 회피하기 위해 공동으로 사업을 경영한 것으로 확인됨

(2) 손익계산서 자료 일부
1 당기순이익: 500,000,000원 2 갑의 급여: 80,000,000원
3 이자수익: 50,000,000원 4 사업용건물 처분익: 10,000,000원
* 갑의 부친에 대한 대여금 이자로 적정이자는 100,000,000원임","416,000,000원","441,000,000원","449,000,000원","456,000,000원","466,000,000원",B,Income Tax Law,Calculate
"제조업을 영위하는 거주자 갑의 2024년 사업소득에 관한 자료이다. 장부를 기장하지 않아 추계조사결정할 경우 갑의 사업소득금액으로 옳은 것은?

(1) 매출액은 170,000,000원이며, 국가로부터 지급받은 사업 관련 보조금 20,000,000원과 사업용 기계장치 처분가액 10,000,000원이 매출액과 별도로 존재한다.
(2) 증명서류로 입증되는 사업 관련 지출 내역
1 원재료매입: 30,000,000원 2 건물임차료: 10,000,000원 3 종업원급여: 40,000,000원 4 보험료: 2,000,000원 5 기계장치구입: 50,000,000원
(3) 갑의 2023년 제조업 수입금액은 35,000,000원이다.
(4) 사업소득 기준경비율은 20%, 단순경비율은 60%로 가정한다.
(5) 제조업 간편장부대상자 기준금액은 150,000,000원이며 단순 경비율 대상자 기준금액은 36,000,000원이다.
(6) 기획재정부령으로 정하는 배율은 복식부기의무자는 3.4배, 간편장부대상자는 2.8배이다.","72,000,000원
","76,000,000원","80,000,000원","82,000,000원","100,000,000원",A,Income Tax Law,Calculate
"소득세법상 납세의무에 관한 설명이다. 옳지 않은 것은?
","미국 국적 야구선수 A는 한국의 프로야구팀과 연봉 계약을 하고, 2024년 3월 3일 생애 최초로 한국에 입국하였다. A가 프로야구 시즌이 끝난 2024년 10월 1일 출국한 경우 A의 2024년 국외원천 소득은 국내에서 지급되거나 국내로 송금된 것에 대해서만 과세된다.",한국국적갑은국내에주소가있는유명가수이다.갑이월드 투어 콘서트 차 2024년 6월 19일 출국하여 2024년 12월 29일 입국한 경우 갑은 2024년의 국내ᆞ외 원천소득에 대해서 소득세 납세 의무를 진다.,"한국국적을은외교부소속공무원이다.을이일본에있는한국 영사관에서 근무하며 2024년 1월 1일부터 2024년 12월 31일까지 일본에 거소를 둔 경우 을은 2024년의 국내, 국외 원천소득에 대해서 소득세 납세의무를 진다.",한국국적병은2024년5월7일미국소재IT회사에근무하기 위하여 가족과 함께 같은 날 출국하고 거소를 국외로 이전하였다. 병은 2024년 5월 7일부터 국내원천소득에 대해서만 소득세 납세 의무를 진다.,프랑스 국적 B는 교량 설계용역을 제공하기 위하여 2024년 4월 4일 한국에 입국하여 2024년 9월 19일 출국하였다. B는 2024년의 국내원천소득에 대해서만 소득세 납세의무를 진다.,D,Income Tax Law,Theory
소득세법상 원천징수에 관한 설명이다. 옳지 않은 것은?,반기별 납부 승인대상자가 「법인세법에 의하여 처분된 상여에 대한 원친징수세액을 납부할 경우 그 납부기한은 징수일이 속하는 달의 다음달 10일이다.,"법인이 잉여금의 처분에 따라 12월 15일 상여로 처분결정하고 처분결정일부터 3개월이 되는 날까지 지급하지 아니한 경우, 그 3개월이 되는 날에 상여를 지급한 것으로 보아 소득세를 원천 징수한다.","7월 15일 퇴직한 직원의 퇴직소득을 해당 과세기간의 12월 31일까지 지급하지 않은 경우, 해당 과세기간의 12월 31일에 지급한 것으로 보아 소득세를 원천징수한다.",소득세법령으로 정하는 봉사료는 수입금액의 5%를 원천징수한다.,"기타소득에 해당하는 소기업.소상공인 공제부금의 해지일시금은 소득금액의 15%를 원천징수한다.
",B,Income Tax Law,Theory
"거주자 갑(56세)의 연금계좌에 관한 자료이다. 2024년 종합과세되는 총연금액으로 옳은 것은? 단, 갑이 종합과세와 분리과세 중 선택할 수 있는 경우에는 종합과세를 선택하는 것으로 가정한다.

(1) 연금계좌 가입일: 2012년 1월 15일
(2) 연금수령 개시일: 2023년 1월 1일
(3) 2024년 연금계좌에서 수령한 금액: 45,000,000원
(4) 2024년 1월 1일 현재 연금계좌 평가액: 100,000,000원
1 연금계좌납입액 합계: 60,000,000원(소득공제 또는 세액공제를 받지 못한 금액 3,000,000원 포함)
2 이연퇴직소득: 10,000,000원
3 연금계좌 운용수익: 30,000,000원","14,000,000원","15,000,000원","16,000,000원","17,000,000원","18,000,000원",D,Income Tax Law,Calculate
"(주)A에 근무하는 거주자 갑의 2024년 소득에 관한 자료이다. 종합 과세되는 기타소득금액으로 옳은 것은? 단, 갑의 기타소득금액을 제외한 종합소득 한계세율은 24%이며, 세부담을 최소화하고자 한다.

(1) 주택입주 지체상금 3,000,000원
(2) 복권당첨금 2,500,000원
(3) 고용관계 없이 일시적인 강연을 하고 받은 외부강연료 100,000원
(4) 계약금이 위약금으로 대체된 위약금 1,000,000원
(5) 배임수재로 받은 금품 4,000,000원","4,000,000원","4,600,000원","4,640,000원","5,000,000원","5,600,000원",A,Income Tax Law,Calculate
"부가가치세법상 납세지와 사업자등록에 관한 설명이다. 옳은 것은?
",방문판매 등에 관한 법률에 따른 다단계판매원이 상시 주재하여 거래의 전부 또는 일부를 하는 별도의 장소가 있는 경우에는 그 장소를 사업장으로 한다.,건설업을 영위하는 법인은 건설 대상 부동산의 등기부상 소재지를 사업장으로 한다.,둘 이상의 사업장이 있는 사업자가 사업자 단위로 사업자등록을 신청한 경우에는 사업장 단위로 부가가치세를 신고하고 사업자 단위로 부가가치세를 납부할 수 있다.,"사업자등록을 신청하기 전의 매입세액은 매출세액에서 공제하지 않는다. 다만, 공급시기가 속하는 과세기간의 신고기간 내에 등록을 신청한 경우 등록신청일부터 공급시기가 속하는 과세기간 기산일까지 역산한 기간 내의 것은 제외한다.","신규로 사업을 시작하려는 자는 사업개시일 이전이라도 사업자 등록을 신청할 수 있다. 다만, 해당 법인의 설립등기 전 또는 사업의 허가, 등록이나 신고 전에는 사업자등록을 신청할 수 없다.",A,Added Tax Law,Thoery
"부가가치세법상 영세율에 관한 설명이다. 옳지 않은 것은?
",외국을 항행하는 선박 및 항공기에 부가가치세를 별도로 적은 세금계산서를 발급하지 않고 공급하는 재화는 영세율을 적용한다.,국내에서 국내사업장이 없는 비거주자가 지정하는 국내 과세 사업자에게 인도되고 해당 사업자의 과세사업에 사용되는 재화로서 그 대금을 해당 비거주자에게 지급할 금액에서 빼는 방법으로 결제하는 경우 영세율을 적용한다.,기획재정부령으로 정하는 구매확인서에 의하여 금지금이 아닌 재화를 공급하는 경우에는 영세율을 적용한다.,사업자가 원료를 대가 없이 국외의 수탁가공 사업자에게 반출하여 가공한 재화를 양도하는 경우 그 원료의 반출은 영세율을 적용한다.,수출업자(A)에게 내국신용장으로 재화를 공급하는 사업자(B)와 직접 도급계약에 의하여 수출재화임가공용역을 제공하는 사업자(C)의 수출재화임가공용역은 영세율을 적용한다.,E,Added Tax Law,Thoery
부가가치세법상 공급시기에 관한 설명이다. 옳지 않은 것은?,반환조건부 판매의 경우 그 조건이 성취되거나 기한이 지나 판매가 확정되는 때를 공급시기로 본다.,완성도기준지급조건부로 재화를 공급하는 경우에 재화가 인도 되거나 이용가능하게 되는 날 이후에 받기로 한 대가의 부분에 대해서는 재화가 인도되거나 이용가능하게 되는 날을 공급시기로 본다.,공급단위를 구획할 수 없는 재화를 계속적으로 공급하는 경우에는 대가의 각 부분을 받기로 한 때를 재화의 공급시기로 본다.,사업자가 보세구역 안에서 보세구역 밖의 국내에 재화를 공급하는 경우가 재화의 수입에 해당할 때에는 수입신고 수리일을 재화의 공급시기로 본다.,재화의 공급으로 보는 가공의 경우 가공이 완료되었을 때를 공급시기로 본다.,E,Added Tax Law,Thoery
"어묵을 제조하는 일반과세자인 개인사업자 갑의 2024년 제1기 과세 기간(2024.1.1.∼2024.6.30.)에 관한 거래내역이다. 2024년 제1기 확정 신고시 공제가능한 매입세액으로 옳은 것은? 단, 특별한 언급이 없는 한 제시된 금액은 부가가치세가 포함되지 아니한 금액이며, 적격증명서류를 발급 및 수취하였다.

(1) 미가공된 냉동명태를 130,000,000원에 매입하여 어묵 제조에 전부 사용하였다.
(2) 어묵 배달에 사용하기 위하여 업무용승용차(개별소비세 과세 대상)를 30,000,000원에 매입하였다.
(3) 2024년 1월 7일 어묵포장 용기를 700,000원에 구입하였으나 당해 거래의 세금계산서를 2024년 6월 5일 발급받았다.
(4) 생산직 직원들의 작업복으로 사용할 목적으로 의류를 일반 과세자로부터 330,000원(공급대가)에 구입하고 부가가치세가 별도로 구분되는 신용카드매출전표를 수령하였다.
(5) 거래처에 판매촉진 목적으로 물품을 500,000원에 구입하여 제공하였다.
(6) 공장건물의 임대인에게 4월부터 6월까지의 임차료 총액 4,000,000원을 지급하였다.
(7) 의제매입세액 공제율은 4/104이며, 공제한도는 고려하지 않는다.","3,430,000원","3,500,000원","5,430,000원","5,480,000원","5,500,000원",E,Added Tax Law,Calculate
지방세법상 취득세의 과세대상과 납세의무자에 관한 설명이다. 옳지 않은 것은?,"취득세는 부동산, 차량, 기계장비, 항공기, 선박, 입목, 광업권, 어업권, 양식업권, 골프회원권, 승마회원권, 콘도미니엄 회원권, 종합체육시설 이용회원권 또는 요트회원권을 취득한 자에게 부과한다.","선박, 차량과 기계장비의 종류를 변경하거나 토지의 지목을 사실상 변경함으로써 그 가액이 증가한 경우에는 취득으로 본다.","부동산의 취득은 관계 법령에 따른 등기, 등록 등을 하지 아니한 경우라도 사실상 취득하면 각각 취득한 것으로 보고 해당 취득 물건의 소유자 또는 양수인을 각각 취득자로 한다.",법인설립 시에 발행하는 주식 또는 지분을 취득함으로써 과점 주주가된경우그과점주주가해당법인의부동산을취득한것 으로 본다.,"차량을 운수업체의 명의로 등록(영업용)하는 경우라도 해당 차량의 구매계약서, 세금계산서, 차주대장 등에 비추어 차량의 취득대금을 지급한 자가 따로 있음이 입증되는 경우 그 차량은 취득대금을 지급한 자가 취득한 것으로 본다.",D,ETC,Theory
